id,created_date,subreddit,vader_sentiment,vader_sentiment_score,sentiment,sentiment_score,abs_score_diff,raw_text,text_preview
n35wy1,2021-05-02,environment,negative,-0.9999,neutral,-0.2155719846487045,0.7843280153512955,"Yes y'all are obsessed with the environment, and yes, I am too, but how many of you eat meat, dairy, and eggs? 10 Reasons To Go Vegan

*“To get mud off your hands, use soap and water. To get blood off your hands, go vegan.” -John Sakars*

Vegans are like adults. At first, you hate them, then you become one and realize they were right all along. Veganism is a way to drastically reduce suffering for humans and animals, as well as your impact on the environment, and your risk of developing serious ailments. “*There is no fundamental difference between man and animals in their ability to feel pleasure and pain, happiness, and misery.” -Charles Darwin.* Veganism is one of the most effective ways to help combat animal cruelty. Refusing to pay for animal products lowers demand, reducing the number of animals being bred to suffer and die on farms and in slaughterhouses. Here are ten of the many reasons to go vegan. 

10. Health

*“People eat meat and think they will become as strong as an ox, forgetting that the ox eats grass.” -Pino Caruso*

Going vegan lowers the risk of chronic diseases and illnesses such as cardiovascular disease, multiple cancers, dementia, osteoporosis, diabetes, and high blood pressure, to name a few. Veganism is the only known diet that can fully cure “irreversible” conditions like diabetes, high blood pressure, and cardiovascular disease. Vegans who follow a wholefoods plant-based diet also tend to live longer, 9.5 years longer for women and 6.1 for men.

9. Water Use

*“We are, quite literally, gambling with the future of our planet- for the sake of hamburgers.” -Peter Singer*

A pound of beef needs 1,799 gallons of water, 576 gallons for a single pound of pork, 518 gallons for a single pound of chicken, 628 litres for one litre of milk, and 53 gallons for a single egg. That's a significant amount of water. It's no surprise that we have so many droughts! Not to mention the fact that 790 million people do not have access to clean water if they have any at all.

8. Resource use

*“Basically we should stop doing those things that are destructive to the environment, other creatures, and ourselves and figure out new ways of existing.”-Moby*         

Even though the world's cattle eat enough food to meet the nutritional needs of 8.7 billion people, one of every nine people – 795 million – suffers from chronic malnutrition. People from Africa, for example, import grain rather than use it for food, and receive only small amounts of money or meat in exchange. Global hunger would be eradicated if we stopped breeding 80 billion animals into life.

7. Land Use

*“By eating meat we share the responsibility of climate change, the destruction of our forests, and the poisoning of our air and water. The simple act of becoming a vegetarian will make a difference in the health of our planet.” -Thích Nhất Hạnh*  

Animals or the food they consume occupy 40 percent of the land on the planet. They need space for this, which explains the widespread deforestation. Although soy is the primary cause of forest degradation, more than 70% of it is fed to livestock in factory farms. The use of vast amounts of land by grazing cattle is the second most important factor. Animal agriculture is responsible for 91 percent of deforestation.

6. Ocean

*“Nothing will benefit human health and increase chances for survival of life on Earth as much as the evolution to a vegetarian diet.” -Albert Einstei*n

Due to overfishing, the oceans are expected to be depleted by 2048. Our oceans are being increasingly polluted with plastic, with fishing nets being the primary source. Dead zones and acidification are caused by bacteria from pig urine dumped into the ocean. The annual death toll of marine animals is so high that it is only estimated in tonnes. (1,600,000 tonnes)

5. Climate Change

*“Not eating animal products for breakfast and lunch saves 1.3 metric tons of carbon emissions per year.”-Jonathan Safran Foer*

We are all aware that CO2 is bad for the environment, but it pales in comparison to methane, which is 84 times worse. What, therefore, are the primary sources of methane emissions? Agriculture of animals. Our greed to consume farm animals is directly responsible for 71% of methane emissions. Animal agriculture is the leading source of GHG, accounting for 31% of total GHG emissions. This does not include the amount produced from transportation.

4. Human Rights

*“As long as man continues to be the ruthless destroyer of lower living beings he will never know health or peace. For as long as men massacre animals, they will kill each other. Indeed, he who sows the seed of murder and pain cannot reap joy and love. -Pythagoras*

The shocking unmeasurable emotional toll of working in a slaughterhouse and the mental health issues that come with it. The poor conditions. Minimum wage. Lack of jobs. Child labour. Crime rates. All of these issues are specifically related to animal agriculture and are cause for concern. Due to a lack of jobs as immigrants, people are hired to kill such gentle and loving creatures and are forced to suppress their emotions. Domestic violence, social isolation, anxiety, substance and alcohol abuse, and PTSD are all possible outcomes of this emotional dissonance. Another study shows that towns with slaughterhouses have higher crime rates. According to another study, cities with slaughterhouses have higher crime rates. These individuals are forced to suffer while only receiving minimum wage. When it comes to child labour, most leather is produced in China or India, where children are regularly exposed to cancer-causing chemicals as they are required to soak leather in large tanks. Children have also been known to collect silk by boiling cocoons with caterpillars inside, often resulting in serious burns.

3. The Egg Industry

*“Animals are sick and in crowded, prison-like conditions to make dairy and eggs. It doesn’t take a lot to draw the line from how we treat animals to how we treat humans.” -Natalie Portman*

Many people believe that eggs are harmless and therefore may consider being vegetarian. Let's begin at the beginning. Chicks are born in a hatchery and thrown onto a conveyor belt. Workers will separate the males from the females, each being thrown onto a separate conveyer belt. The girls are dropped in crates, but the boys are subjected to a far more egregious fate. The male chicks, as well as any weak or deformed birds, are thrown into a macerator, an industrial mincer, where they are destroyed. The SPCA has deemed this method of disposal ""humane."" The girls are transported to a factory farm, where they will spend the rest of their lives in either battery cages, which are about the size of an A4 sheet of paper and hold four to twelve chickens, or small enclosed sheds to be labeled ""free-run."" With free-run chickens, though they aren't in these battery cages, they don't have access to the outdoors. What about free-range eggs? These chickens live in the same conditions as free-run chickens, with one minor exception. People feel better about themselves after purchasing them. All that is required for a ""free-range"" label is a space large enough to allow 5,000 chickens out of 50,000 to have access to the outdoors. After all this suffering at just eighteen months old, they are trucked to the slaughterhouse and killed.

2. The Dairy Industry

*“We feel entitled to artificially inseminate a cow and steal her baby, even though her cries of anguish are unmistakable. Then we take her milk that's intended for her calf. And we put it in our coffee and our cereal. “ -Joaquin Phoenix*

The dairy industry, like the egg industry, is inherently cruel. Like humans, cows are strongly maternal beings who need to be pregnant to produce milk. To produce sperm, a bull must have an electro-ejaculator, which is essentially a cow dildo, shoved up his anus. That semen is injected into the cow while a fist is shoved in her anus to hold her cervix in place. After carrying her calf for nine long months she will give birth. Within the first twenty-four hours, her baby will be torn away from her. She’ll pine and cry out for days or even weeks, sometimes in the next barn, able to hear them cry but unable to reach them. If her calf is a boy, he will be considered waste and will either be killed on the spot, sent to slaughter at five days old, or forced to live in veal crates for twenty-one weeks. If she is a girl, she will be subjected to the same mental torment as her mother. This process will be repeated five to seven times before her milk production begins to decline or she collapses from exhaustion, at which point she will be trucked off and slaughtered.

1. The Animals

*“The problem is that humans have victimized animals to such a degree that they are not even considered victims. They are not even considered at all. They are nothing; they don’t count; they don’t matter. They are commodities like TV sets and cell phones. We have actually turned animals into inanimate objects – sandwiches and shoes.” Gary Yourofsky*

The three most commonly consumed animals are as follows: pork (36%), chicken (33%), and beef (24%). So I'm going to start with the pork industry and go over the legal and cruel practices that make the meat industry inconceivable.

1. Pork

*“When I see bacon, I see a pig, I see a little friend, and that’s why I can’t eat it. Simple as that.” -Paul McCartney*

The majority of pigs bred for food are born into a gestation crate, a small central cage system that allows the piglets to feed on the sow while preventing her from moving around. The pigs are kept on metal grates, which cause pressure sores on the sow's skin due to the hard surfaces. As the sow's body becomes less capable of producing the large litters encouraged by the industry, the number of stillborn and mummified piglets increases with each litter. 10% to 18% of piglets born alive will not make it to weaning age, succumbing to disease, starvation, dehydration, or being accidentally crushed by their trapped mothers. The runts of the litter, who are deemed financially unviable and killed by staff using a method known as ""thumping,"" are included in the death toll. When a runt is thumped, their back legs are lifted and their head is slammed against the hard concrete. Pigs that make it through the first few days are mutilated without anesthetics, their tails and teeth cut to prevent cannibalism, and pieces cut from their ears or tags punched in as a means of identification. As they age they are moved into grower pens. Overcrowded, bored, and frustrated, they resort to cannibalism. They will stay in these pens for six months until they are sent to slaughter. At the slaughterhouse, pigs are crowded together in a truck, going hours and sometimes days with no protection from the extreme weather and with no food or water. When they arrive the pigs are placed in small concrete pens where food and water are denied. When the pigs arrive, they are placed in small concrete pens where they are denied food and water. Using an electric prodder, pigs are herded to the kill floor. Co2 gas chambers are the most common method of stunning, and they are used by all large pig abattoirs. This is deemed as the most ""humane"" method. The system of rotating cages lowers the fully-conscious pigs two or three at a time into the heavily concentrated gas, which begins to burn their eyes, nostrils, sinuses, throat and lungs while suffocating them. Lower concentrations would be less painful but would take more time and is therefore deemed as economically unviable. 

1. Chicken

*“The soul is the same in all living creatures, although the body of each is different.” -Hippocrates*

Chickens bred for food begin their lives in a hatchery. Even though the industry uses both males and females, macerators are still used for weak or deformed birds that are unlikely to make it to slaughter age. The chicks are housed in large sheds that can hold anywhere from 20,000 to 60,000 birds. The mortality rate is 4-6% within the first week, resulting in 1,600-3,600 dead chicks per shed. The vast majority of these chicks will have been found dead by workers, killed, or discarded alive. Selective breeding, lack of exercise, artificial lighting and heavy antibiotic use which enhance food absorption have resulted in broiler chickens growing at an unnatural speed and weight, reaching 3kg in just 35 days versus the natural peak of 2 kg in 96 days. Their bodies are unable to withstand the extreme pressure and collapse under their weight. These sheds are not cleaned through the entire cycle and the build-up of feces causes high levels of ammonia which burns their eyes, nose, skin, and lungs. SPCA approved simply means they have a single perch running down the middle, but other than that conditions are identical. Depopulation occurs at night when the birds calmest. They're crammed into small plastic cages and loaded onto trucks to be slaughtered. They are hung roughly by their feet onto an automated shackle line. They are lowered into a bath of electrified water to stun them before their throats are slit by an automated blade, but if they lift their heads, they can miss the stun bath, facing the blade fully conscious and ultimately drowning in scalding water further down the process.

1. Beef

*“Part of my becoming a vegetarian was that I would look at my burger, then look at my dogs, and I wasn’t able to see a difference.” -Kristen Bell*

Calves raised for beef are subjected to several painful procedures that are performed without anesthesia, including disbudding, dehorning, ear tagging, castration, and hot iron branding. Beef sold in major supermarkets comes from cattle that have spent their lives in barren feedlots, where they are fattened up with grain or grass before being slaughtered at the age of eighteen months. They are forced into a knock box at the slaughterhouse, where they try desperately to escape. The captive bolt gun is a gun that penetrates the cow's skull to stun it, but smaller guns, in particular, are frequently ineffective against such large animals, causing only pain and limited movement rather than unconsciousness. After stunning, they are chained by their back leg and hoisted upside down, where their throats are slit and they are bled out. 

*“I personally chose to go vegan because I educated myself on factory farming and cruelty to animals, and I suddenly realized that what was on my plate were living things, with feelings. And I just couldn’t disconnect myself from it any longer.” -Ellen DeGeneres* 

War has claimed the lives of 619 million people throughout history. Every three days, we kill the same number of animals, and this does not include the deaths of fish and other marine creatures, which are only measured in tonnes. Before we kill them, we must first breed them. Confine and exploit them for food, entertainment, clothing, and science. Their entire lives, from birth to death, are dominated by profit-driven industries. An empire built on pain and bloodshed. Paid for by consumers who are told that their treatment was ethical. Free-range, organic, and local. That their deaths were humane, that animal cruelty does not exist in our country, and that if it does, our government, our authorities, will track it down and put an end to it. And we, as consumers, have no reason to believe otherwise, because eating and using animals is normal to us; we've done it forever. The products on supermarket shelves are so far removed from the individuals who once existed, some only briefly, and others for years without relief. Individuals who share our capacity to feel love like us and the companion animals we adore. Who share with us, our capacity to suffer. Our desire to live, to be free, to be recognized for who we are as individuals rather than as objects or for our utility to others. They are beings in our own right, not production units. Not stock, Not ""it,"" but ""he,"" ""she,"" and ""they."" The truth is that killing someone who wants to live cannot be done humanely. It's not a matter of treatment or finding better ways to do the wrong thing. Larger cages, lower stocking densities, or less painful gas. We tell ourselves that they have lived good lives, and in the end, they don’t know what’s coming and don’t feel a thing. But they do. In their final hours, minutes and seconds, there is always fear, there is always pain. The smells of blood. The screaming of other members of their species, with whom they have shared their lives. Never a willingness or desire to die, but rather, desperation to live, a frantic fight to their last breath. And never are they shown mercy or kindness, instead mocked, laughed at, kicked, beaten, tossed like ragdolls, or sent into a mincer because they were born the wrong sex. We take their children. We take their freedom. We take their lives, sending them into slaughterhouses healthy and whole, only to emerge as packaged pieces on the other side, and we tell ourselves that something humane and ethical happened along the way. We harm ourselves in the process. We devastate the environment by emitting more greenhouse gases from animal agriculture than any other industry, destroying our forests and slaughtering our native animals to make way for farms. Despite this, we continue to justify animal agriculture as normal, necessary, and natural. That the animal kingdom, or certain species within it, are inferior to us because they lack our specific type of intelligence, are weaker, and are incapable of self-defence. We believe that because of our apparent superiority, we have earned the right to exercise power, authority, and dominion over those we perceive to be inferior, to further our own short-sighted goals. It's a rationale that's been used before. To enslave the blacks or to take their land and children by the white man. To assassinate Jews by the Nazis. To silence and oppress women by men. Are we doomed to repeat the mistakes of the past? Is our species defined by this superiority complex, this pure selfishness? Or are we capable of something more?

Veganism isn't as difficult as some people believe, and it doesn't make you sick or weak. It's simply a choice you make to improve your health and prevent the unnecessary slaughter of animals. It is not necessary to eat meat to survive—or even thrive. “*It takes nothing away from a human to be kind to an animal.” -Joaquin Phoenix.* It's past time for you to put yourself and your preferences aside because there are more important things at stake. *“If you think that being vegan is difficult, imagine being a factory farmed animal.” -Davegan Raza*

**Sources**

* [PubMed: Position of the Academy of Nutrition and Dietetics: Vegetarian Diets](https://pubmed.ncbi.nlm.nih.gov/27886704/)
* [University of Oxford: Plant-based foods are good for both health and the environment](https://www.ox.ac.uk/news/2019-10-29-plant-based-foods-are-good-both-health-and-environment)
* [Harvard University: Vegan diet can benefit both health and the environment](https://www.hsph.harvard.edu/news/hsph-in-the-news/vegan-diet-health-environment/)
* [Journal of Environmental and Public Health: Reducing the Environmental Impact of Dietary Choice: Perspectives from a Behavioural and Social Change Approach](https://www.hindawi.com/journals/jeph/2012/978672/)
* [NCBI: The effects of plant-based diets on the body and the brain: a systematic review](https://www.ncbi.nlm.nih.gov/pmc/articles/PMC6742661/)
* [BBC: Confessions of a slaughterhouse worker](https://www.bbc.com/news/stories-50986683)
* [SURGE: THE DISTURBING LINK BETWEEN SLAUGHTERHOUSE WORKERS AND PTSD](https://www.surgeactivism.org/articles/slaughterhouse-workers-and-ptsd)
* [The Yale: A Call to Action: Psychological Harm in Slaughterhouse Workers](https://yaleglobalhealthreview.com/2016/01/25/a-call-to-action-psychological-harm-in-slaughterhouse-workers/)
* [PubMed: Prevalence of serious psychological distress among slaughterhouse workers at a United States beef packing plant](https://pubmed.ncbi.nlm.nih.gov/28506017/)
* [Farm Transparency Project: Dominion Movement](https://www.dominionmovement.com/watch)
* [National Earth: Earthlings](http://www.nationearth.com/)
* [Joey Carbstrong: Violated](https://vimeo.com/398315611)
* [Joey Carbstrong: Milk: Make Your Own Mind Up](https://todayomg.com/milk-make-your-own-mind-up-2021-full-documentary/)
* [What The Health](https://www.netflix.com/ca/title/80174177)
* [The Game Changers](https://www.netflix.com/ca/title/81157840)
* [Cowspiracy](https://www.netflix.com/ca/title/80033772)
* [Seaspiracy](https://www.netflix.com/ca/title/81014008)","Yes y'all are obsessed with the environment, and yes, I am too, but how many of you eat meat, dairy, and eggs? 10 Reasons To Go Vegan *“T..."
abicrb,2019-01-01,sustainability,negative,-0.9999,negative,-0.4244260787963867,0.5754739212036133,"Signs of collapse 2018 Hi /r/Sustainability! I have been working on an ongoing project for 3 years now nick-named [“Signs of collapse”](https://www.reddit.com/r/TZM/comments/5l3ik4/signs_of_collapse_summary_of_the_year_2016/). Even if we strive for and dream of a sustainable world, a lot of things are becoming worse. And I think in order to reach a world that is truly sustainable, it's imperative that we fully understand where we are now and which path we are on. To progress, we have to identify the problems and accept them for what they are if we wish to have any chance addressing them.

I try my best to not make this series into a rant about every little problem or mishap that’s going on. Even in a sustainable society accidents would happen and natural catastrophes would occur, seasons would vary in intensity from year to year and so on. So what I present here is my best attempt at distilling out anthropogenic anomalies.

I define a “sign of collapse” as a negative market externality that the current socioeconomic system for whatever reason hasn’t dealt with and is now ending up hurting people or the ecosystem. I try to pick studies and news that shows the occurring consequences of the current system’s failure to deal with externalities.

I’m also trying to make the argument, and feel free to disagree with me and have a discussion, that urgent action is needed now and there's close to no upper limit to how radically environmentalist one can reasonably become at the present time. If you want to do something, you better hurry before it’s too late.

Feel free to share any of the material or repost this on other suitable subreddits. If you would like to get involved in this project, don’t hesitate to chat me up.


**Previous posts:**

* [Signs of collapse 2018 Q3](https://reddit.com/r/sustainability/comments/9kgefn/signs_of_collapse_2018_q3/)

* [Signs of collapse 2018 Q2](https://www.reddit.com/r/sustainability/comments/8w4tvr/signs_of_collapse_2018_q2/)

* [Signs of collapse 2018 Q1](https://www.reddit.com/r/sustainability/comments/88s8mb/signs_of_collapse_q1_2018/)

* [Signs of collapse 2017](https://www.reddit.com/r/LateStageCapitalism/comments/7oqcc0/signs_of_collapse_2017/)

* [Signs of collapse 2016](https://www.reddit.com/r/TZM/comments/5l3ik4/signs_of_collapse_summary_of_the_year_2016/)

--------------------

# **Signs of Collapse 2018 Q4 and Summary**
 
**Human well-being & non-specific climate change**

* [Caravan Provides a Preview of Climate Migrations, Experts Say](https://www.scientificamerican.com/article/caravan-provides-a-preview-of-climate-migrations-experts-say/)

* [Climate change is exacerbating world conflicts, says Red Cross president | World news](https://www.theguardian.com/world/2018/oct/21/climate-change-is-exacerbating-world-conflicts-says-red-cross-president)

* [The number of undernourished people in the world is rising again](https://qz.com/1432095/world-hunger-rose-for-the-third-straight-year-thanks-to-climate-change)

* [A new publication in Nature demonstrates that the world’s oceans have warmed far more than we had thought. The last UN report that warned of a global climate catastrophe by 2040 was underestimating how much heat the Earth had gained.](https://www.nature.com/articles/s41586-018-0651-8)

* [The Seafloor Is Dissolving Because of Climate Change](https://motherboard.vice.com/en_us/article/d3qaek/the-seafloor-is-dissolving-because-climate-change)

* [Rotting hydrogen sulphide producing seaweed in the Caribbean kills marine life, disrupt turism, causes skin irritation and nausea, and corrodes metals, destroying TV:s and other electrical equipment. | Environment](https://www.theguardian.com/environment/2018/nov/16/caribbean-swamped-by-seaweed-that-smells-like-rotten-eggs)

* [New study has mapped 467 pathways by which human health, water, food, economy, infrastructure and security have been recently impacted by climate hazards amplified by climate change.](https://www.cbsnews.com/news/climate-change-multiple-disasters-at-once-study-warns/)

* [Global food system is broken, say world’s science academies | Environment](https://www.theguardian.com/environment/2018/nov/28/global-food-system-is-broken-say-worlds-science-academies)

* [CDC says life expectancy down as more Americans die younger due to suicide and drug overdose](https://www.cbsnews.com/news/cdc-us-life-expectancy-declining-due-largely-to-drug-overdose-and-suicides/)

* [Global warming today mirrors conditions leading to Earth’s largest extinction event, UW study says](https://www.seattletimes.com/seattle-news/environment/global-warming-today-mirrors-conditions-during-earths-largest-extinction-event-uw-study/)

* [California’s droughts limit hydropower production, forcing continued fossil fuel emissions](https://www.sfchronicle.com/science/article/California-s-droughts-hurt-fight-against-13496523.php)

* [Toxic algae a slimy mess for Florida's Lake Okeechobee](https://www.cbsnews.com/news/florida-lake-okeechobee-toxic-algae-problem-2018-07-06/)

* [Over 700 migrants make violent border crossing into Ceuta](https://elpais.com/elpais/2018/07/26/inenglish/1532599360_950584.html)

* [Japan flood toll nears 200 amid disease outbreak fears](http://www.france24.com/en/20180712-japan-flood-toll-disease-outbreak-fears-heat-water)

* [Heatwave made more than twice as likely by climate change, scientists find | Environment](https://www.theguardian.com/environment/2018/jul/27/heatwave-made-more-than-twice-as-likely-by-climate-change-scientists-find)

* [Humans have depleted the Earth's natural resources with five months still to go in 2018](https://qz.com/1345205/humans-have-depleted-the-earths-natural-resources-with-five-months-still-to-go-in-2018/)

* [As temperatures rise, Earth's soil is 'breathing' more heavily](https://www.eurekalert.org/pub_releases/2018-08/dnnl-atr072918.php)

* [Planet at Risk of Heading Towards Apocalyptic, Irreversible ‘Hothouse Earth’ State](https://motherboard.vice.com/en_us/article/8xbdnk/planet-at-risk-of-heading-towards-hothouse-earth?)

* [Scientists have begun researching whether the worst effects of climate change can no longer be avoided](https://www.straight.com/news/1113121/scientists-have-begun-researching-whether-worst-effects-climate-change-can-no-longer-be)

* [World sinks to 10-year happiness low](http://news.trust.org/item/20180912045953-zbeac/)

* [World 'nowhere near on track' to avoid warming beyond 1.5C target | Environment](https://www.theguardian.com/environment/2018/sep/26/global-warming-climate-change-targets-un-report)

* [CO2 is Regularly Exceeding 410 Parts Per Million for First Time in Human History](https://robertscribbler.com/2018/04/25/co2-is-regularly-exceeding-410-parts-per-million-for-first-time-in-human-history/)

* [Climate Change Costs a Lot More Than We Recognize](https://www.bloomberg.com/view/articles/2017-11-08/climate-change-costs-a-lot-more-than-we-recognize)

* [Global warming: April was 400th straight warmer-than-average month](https://www.usatoday.com/story/news/world/2018/05/17/global-warming-april-400th-consecutive-warm-month/618484002/?csp=chromepush)

* [Suicide Is Rising Among American Farmers As They Struggle To Keep Afloat : NPR](https://www.npr.org/2018/05/16/611727777/suicide-is-rising-among-american-farmers-as-they-struggle-to-keep-afloat)

* [India lightning strikes and winds kill 50 - Authorities shocked by the ferocity of the storms: ""It is one of the worst storms we've seen.""](http://www.bbc.com/news/world-asia-india-44298824)

* [Top Climate Scientist: Humans Will Go Extinct if We Don't Fix Climate Change by 2023](https://gritpost.com/humans-extinct-climate-change/)

* [Murders in Puerto Rico Surge as Hurricane Maria Recovery Continues](http://time.com/5099781/puerto-rico-murder-rate-hurricane-maria/)

* [India most vulnerable country to climate change - HSBC report](https://www.reuters.com/article/us-climatechange-hsbc/india-most-vulnerable-country-to-climate-change-hsbc-report-idUSKBN1GV20Z)
 
**Economy, Politics & Industry**

* [Doomsday clock ticks ½ min closer to midnight due to lack of action to counter nuclear war and climate change.](https://en.wikipedia.org/wiki/Doomsday_Clock)

* ['At home, we couldn't get by': more Venezuelans flee as crisis deepens | World news](https://www.theguardian.com/world/2017/jul/17/venezuela-migrants-americas-leaving-home)

* [Mad Max violence stalks Venezuela's lawless roads](https://www.reuters.com/article/us-venezuela-economy-trucks-widerimage/mad-max-violence-stalks-venezuelas-lawless-roads-idUSKBN1FT1G9)

* [Extreme cold results in severe agricultural damage across Europe, food prices rising](https://watchers.news/2018/03/05/extreme-cold-results-in-severe-agricultural-damage-across-europe-food-prices-rising/)

* [Hotter, Drier, Hungrier: How Global Warming Punishes the World’s Poorest](https://www.nytimes.com/2018/03/12/climate/kenya-drought.html)

* [Some millennials aren’t saving for retirement because they don’t think capitalism will exist by then](https://www.salon.com/2018/03/18/some-millennials-arent-saving-for-retirement-because-they-do-not-think-capitalism-will-exist-by-then/)

* [As The UN Warns Of Climate Catastrophe By 2030, The EU Is Pulling Back Climate Ambition](https://www.forbes.com/sites/davekeating/2018/10/08/as-the-un-warns-of-climate-catastrophe-by-2030-the-eu-is-pulling-back-climate-ambition/#292cc04e11ef)

* [The Australian government is still supporting coal, despite warnings of climate catastrophe](https://www.independent.co.uk/environment/australia-government-coal-ipcc-report-un-climate-change-global-warming-michael-mccormack-scott-a8575521.html)

* [UK growers warn of vegetable shortages as extreme weather halves crops](https://www.independent.co.uk/environment/vegetable-food-shortage-uk-crops-farming-extreme-weather-climate-change-a8578846.html)

* [Mother had 'no other choice' but to sell her 6-year-old daughter](https://edition.cnn.com/2018/11/22/asia/afghan-child-sales-intl/)

* [Black Friday climate report: Trump waves white flag and fails to protect American people](https://thehill.com/opinion/energy-environment/418104-black-friday-climate-report-trump-waves-white-flag-and-fails-to)

* [Melbourne's water supply at risk due to 'collapse' of forests caused by logging | Environment](https://www.theguardian.com/environment/2018/may/01/melbournes-water-supply-at-risk-due-to-collapse-of-forests-caused-by-logging)

* [Drought-induced slaughters begin: Norway currently lacks feed for around 12,000 cattle due to drought](http://www.newsinenglish.no/2018/07/12/drought-induced-slaughters-begin/)

* [Potatoes stop growing in parched earth of north County Dublin](https://www.irishtimes.com/news/environment/potatoes-stop-growing-in-parched-earth-of-north-county-dublin-1.3578483)

* [Trump administration lifts ban on pesticides linked to declining bee numbers](https://www.theguardian.com/environment/2018/aug/04/trump-administration-lifts-ban-on-pesticides-linked-to-declining-bee-numbers)

* [Australia Wilts From Climate Change. Why Can’t Its Politicians Act?](https://www.nytimes.com/2018/08/21/world/australia/australia-climate-change-malcolm-turnbull.html)

* [Swedish reindeer herders call for rescue package after drought](https://www.thelocal.se/20180816/swedish-reindeer-herders-call-for-urgent-rescue-package)

* [Scientists Warn the UN of Capitalism's Imminent Demise](https://motherboard.vice.com/en_us/article/43pek3/scientists-warn-the-un-of-capitalisms-imminent-demise)

* [Europe Wants to Devastate Forests to Double Its 'Renewable' Energy](https://motherboard.vice.com/en_us/article/gynp3m/europe-wants-to-devastate-forests-to-double-its-renewable-energy)

* [90 per cent of the world's fisheries have collapsed](http://www.abc.net.au/news/2018-09-30/china-super-trawlers-overfishing-world-oceans/10317394)

* [The 1% grabbed 82% of all wealth created in 2017](https://d1tn3vj7xz9fdh.cloudfront.net/s3fs-public/file_attachments/bp-reward-work-not-wealth-220118-en.pdf)

* [British farmers in turmoil as delayed spring plays havoc with growing season | Environment](https://www.theguardian.com/environment/2018/apr/14/farmers-crops-livestock-turmoil-beast-from-east-climate-change)

* ['Nothing More That Can Be Said,' Warns Famed Social Scientist, Humanity 'Doomed' by Capitalism and Fossil Fuels](https://www.commondreams.org/news/2018/04/26/nothing-more-can-be-said-warns-famed-social-scientist-humanity-doomed-capitalism-and)

* [Madagascar's vanilla wars: prized spice drives death and deforestation | Environment](https://www.theguardian.com/environment/2018/mar/31/madagascars-vanilla-wars-prized-spice-drives-death-and-deforestation)

* [Listless And Lonely In Puerto Rico, Some Older Storm Survivors Consider Suicide](https://www.npr.org/sections/health-shots/2018/05/07/607761240/listless-and-lonely-in-puerto-rico-some-older-storm-survivors-consider-suicide)

* [Trump administration cancels NASA plan to track greenhouse gases](http://www.thehindu.com/sci-tech/science/nasa-program-to-track-greenhouse-gas-is-canceled/article23848291.ece)

* [Trump administration refuses to consider that 97% of climate scientists could be right](https://www.theguardian.com/environment/climate-consensus-97-per-cent/2018/may/29/trump-administration-refuses-to-consider-that-97-of-climate-scientists-could-be-right)

**Biodiversity**

* [Mammals cannot evolve fast enough to escape current extinction crisis: Unless conservation efforts are improved, so many mammal species will die out during the next 50 years that nature will need 3-5 million years to recover](https://www.eurekalert.org/pub_releases/2018-10/au-mce101118.php)

* [Sea turtles, ""the canaries of the ocean"", face extinction; population of green sea turtles down 50-80% since 1900](https://www.nytimes.com/2018/10/15/science/sea-turtles-endangered-fishing.html)

* [Humanity has wiped out 60% of animals since 1970, major report finds | Environment](https://www.theguardian.com/environment/2018/oct/30/humanity-wiped-out-animals-since-1970-major-report-finds)

* [Just 23 percent of the world’s landmass can now be considered wilderness, with the rest – excluding Antarctica – lost to the direct effects of human activities.](https://newsroom.wcs.org/News-Releases/articleType/ArticleView/articleId/11672/A-WILDERNESS-HORROR-STORY.aspx)

* ['Fish are vanishing' - Senegal's devastated coastline](https://www.bbc.com/news/world-africa-46017359)

* [Shark numbers crashed by 92% over past half century, report finds](https://www.independent.co.uk/environment/sharks-decline-great-white-hammerhead-endangered-australia-a8681696.html)

* [One million South African bees 'poisoned'](https://www.bbc.com/news/world-africa-46345127)

* [Building blocks of ocean food web in rapid decline as plankton productivity plunges | CBC News](https://www.cbc.ca/news/canada/newfoundland-labrador/ocean-phytoplankton-zooplankton-food-web-1.4927884)

* [Acidic oceans cause fish to lose their sense of smell](https://www.exeter.ac.uk/news/featurednews/title_672112_en.html)

* [Enormous penguin population crashes by almost 90%](https://www.nature.com/articles/d41586-018-05850-2)

* [Trump’s New Climate Plan Will Kill People, According to the Trump Administration](https://www.nytimes.com/2018/08/21/climate/epa-coal-pollution-deaths.html)

* [Dolphins forced to break into nets to find food by overfishing in the Mediterranean, report says](https://www.independent.co.uk/environment/dolphins-forced-break-nets-find-food-overfishing-mediterranean-cyprus-a8281481.html)

* [‘Dead zone’ larger than Scotland found by underwater robots in Arabian sea](https://www.independent.co.uk/environment/dead-zone-arabian-sea-gulf-oman-underwater-robots-ocean-pollution-discovery-a8325676.html)

* [Amazon river dolphins in steep decline: study](https://www.afp.com/en/news/23/amazon-river-dolphins-steep-decline-study-doc-14h9ni1)

* [Acres of shellfish dead in north Auckland estuary](http://www.newshub.co.nz/home/new-zealand/2018/05/acres-of-shellfish-dead-in-north-auckland-estuary.html)

* ['Shocking': Fish stocks in Australian waters drop a third in a decade](https://www.smh.com.au/environment/conservation/shocking-fish-stocks-in-australian-waters-drop-a-third-in-a-decade-20180605-p4zjip.html)

* [Top UN panel paints bleak picture of world’s ecosystems](https://www.nature.com/articles/d41586-018-03891-1)

* [Some of Africa's oldest and biggest baobab trees have abruptly died in the past decade. The trees, aged between 1,100 and 2,500 years may have fallen victim to climate change](http://www.france24.com/en/20180611-shocking-die-off-africas-oldest-baobabs-study)

* [UK's favourite wildlife species at risk of extinction 'without revolution in disastrous modern food farming' - Skylarks, nightingales and birds of prey all at risk, but officials ‘blame climate change instead of tackling vested interests destroying nature’](http://www.independent.co.uk/news/uk/home-news/wildlife-extinct-revolutionise-food-farming-species-declines-wiped-out-a8233511.html)

* [Mass die-off of sea creatures follows freezing UK weather | Environment](https://www.theguardian.com/environment/2018/mar/05/mass-die-off-of-sea-creatures-follows-freezing-uk-weather)
 
**Pests, viruses and bacterial infections**

* [As Venezuela’s health system collapses, disease spreads beyond its borders](https://www.washingtonpost.com/news/world/wp/2018/10/31/feature/as-venezuelas-health-system-collapses-disease-spreads-beyond-its-borders)

* [Los Angeles Hit With Flea-Borne Typhus Outbreak, Some Parts At Epidemic Levels](https://www.techtimes.com/articles/234935/20181007/los-angeles-hit-with-flea-borne-typhus-outbreak-some-parts-at-epidemic-levels.htm)

* [New tick species capable of transmitting deadly disease is spreading in the U.S.](https://www.washingtonpost.com/health/2018/11/29/new-tick-species-capable-transmitting-deadly-disease-is-spreading-us/)

* [‘We’re Out of Options’: Doctors Battle Drug-Resistant Typhoid Outbreak](https://www.nytimes.com/2018/04/13/health/drug-resistant-typhoid-epidemic.html)

* [Africa struggles for weapons against armyworm curse](https://au.news.yahoo.com/africa-struggles-weapons-against-armyworm-curse-061455048--spt.html?guccounter=1)

* [Deadly superbug just got scarier - It can mysteriously thwart last-resort drug](https://arstechnica.com/science/2018/03/scary-superbug-can-sneakily-dodge-last-resort-drug-and-we-dont-know-how/)

**Coral reefs**

* ['Warning Bells Going Off' as NOAA Forecasts Entire Great Barrier Reef at Risk of Coral Bleaching and Death](https://www.commondreams.org/news/2018/10/26/warning-bells-going-noaa-forecasts-entire-great-barrier-reef-risk-coral-bleaching)

* [Half of the Great Barrier Reef Is Dead](https://www.nationalgeographic.com/magazine/2018/08/explore-atlas-great-barrier-reef-coral-bleaching-map-climate-change/)

* [Fish populations in Great Barrier Reef collapse after devastating coral bleaching events](https://www.independent.co.uk/environment/fish-populations-collapse-great-barrier-reef-coral-bleaching-australia-a8294751.html)

* [Only 1% of Japan’s Largest Reef Still Healthy After Historic Bleaching Catastrophe](https://www.ecowatch.com/japan-coral-reef-bleaching-2570800547.html)

**Ice and water**

* [Flash floods in southern France kill at least 12 people: Up to seven months’ rain fell in just a few hours overnight. The worst flash flood in a century turned rivers into raging torrents that engulfed homes and swept away cars.](https://www.reuters.com/article/us-france-flood/flash-floods-in-southern-france-kill-at-least-12-people-idUSKCN1MP0IV)

* ['We've never seen this': massive Canadian glaciers shrinking rapidly | World news](https://www.theguardian.com/world/2018/oct/30/canada-glaciers-yukon-shrinking)

* [Cry me a river: Low water levels causing chaos in Germany](https://phys.org/news/2018-10-river-chaos-germany.html)

* [Drought 'displacing more Afghans than war'](https://www.bbc.com/news/world-asia-45872897)

* [Greenland is losing ice at fastest rate in at least 350 years](https://www.nature.com/articles/d41586-018-07617-1)

* [Japan Reels From Heavy Rains; Dozens Killed and Millions Urged to Evacuate](https://www.nytimes.com/2018/07/07/world/asia/japan-rain-landslides.html)

* [India's water crisis: West Bengal on the brink of becoming a parched state in absence of preservation measures](https://www.firstpost.com/india/indias-water-crisis-west-bengal-on-the-brink-of-becoming-a-parched-state-in-absence-of-preservation-measures-4814351.html)

* [More than 350 people have died in the southern Indian state of Kerala in the worst flooding in nearly a century](https://www.theguardian.com/world/2018/aug/18/kerala-floods-many-thousands-await-rescue-as-downpour-continues)

* [Exclusive: Some Arctic Ground No Longer Freezing - Even in Winter](https://www.nationalgeographic.com/environment/2018/08/news-arctic-permafrost-may-thaw-faster-than-expected/)

* [Arctic’s strongest sea ice breaks up for first time on record](https://www.theguardian.com/world/2018/aug/21/arctics-strongest-sea-ice-breaks-up-for-first-time-on-record)

* [Gulf Stream current at its weakest in 1,600 years, studies show | Environment](https://www.theguardian.com/environment/2018/apr/11/critical-gulf-stream-current-weakest-for-1600-years-research-finds?CMP=share_btn_tw)

* [Extreme rain causes increase in sink holes and rockslides in Rome](https://www.theguardian.com/commentisfree/2018/apr/14/rome-extreme-weather-events-italy)

* [Taps run dry in Ivory Coast city](https://www.straitstimes.com/world/africa/taps-run-dry-in-ivory-coast-city)

* [“When it rains, my heart sinks”: Climate change takes a toll in Uganda](https://www.unenvironment.org/news-and-stories/story/when-it-rains-my-heart-sinks-climate-change-takes-toll-uganda)

* [Popular SE Iceland glacial lagoon a ticking time bomb: Catastrophic mountain collapse looms](http://icelandmag.is/article/popular-se-iceland-glacial-lagoon-a-ticking-time-bomb-catastrophic-mountain-collapse-looms)

* [In the Arctic, the Old Ice Is Disappearing](https://www.nytimes.com/interactive/2018/05/14/climate/arctic-sea-ice.html)

* [IRSA issues warning of looming water crisis in Pakistan](https://www.pakistantoday.com.pk/2018/05/27/irsa-issues-warning-of-looming-water-crisis-in-pakistan/)

* [Deadly Tropical Cyclone Mekunu brings up to 8 years worth of rainfall to parts of Oman](https://www.accuweather.com/en/weather-blogs/international/deadly-tropical-cyclone-mekunu-brings-up-to-eight-years-worth-of-rainfall-to-parts-of-oman/70005057)

* [The Global Water Crisis: Why Are India’s Taps Running Dry?](http://time.com/5302661/water-crisis-drinking-india-drought-dry)

* [Invading seawater jeopardizes South Florida’s delicate drinking water source, but we can lessen the threat](https://www.miamiherald.com/opinion/editorials/article212844644.html)

* [Antarctic ice melting faster than ever, studies show | Environment](https://www.theguardian.com/environment/2018/jun/13/antarctic-ice-melting-faster-than-ever-studies-show)

* [In recent years, the rising bedrock at Antarctica has led researchers to underestimate the rate of vanishing ice by as much as 10 percent](https://www.space.com/40977-earth-rising-under-antarctica.html)

* [Meet America's new climate normal: towns that flood when it isn't raining | Environment](https://www.theguardian.com/environment/2018/jun/28/rising-elizabeth-rush-extract-towns-flooding)

* [Pakistan water crisis: Rawal Lake dries up](https://gulfnews.com/news/asia/pakistan/pakistan-water-crisis-rawal-lake-dries-up-1.2244108)

* [In 2017, the oceans were by far the hottest ever recorded | John Abraham | Environment](https://www.theguardian.com/environment/climate-consensus-97-per-cent/2018/jan/26/in-2017-the-oceans-were-by-far-the-hottest-ever-recorded)

* [Oxygen Levels in Oceans Are Dropping Dangerously](https://www.usnews.com/news/at-the-edge/articles/2018-01-26/oxygen-levels-in-oceans-are-dropping-dangerously)
 
* [Cape Town faces Day Zero, with officials predicting water will run out in April](http://www.abc.net.au/news/2018-01-28/day-zero-looms-for-cape-town/9368540http://www.abc.net.au/news/2018-01-28/day-zero-looms-for-cape-town/9368540)

* [First ship crosses Arctic in winter without an icebreaker as global warming causes ice sheets to melt. ""Crossing of polar region is becoming easier due to warming global temperatures and thinning sea ice.""](http://www.independent.co.uk/environment/arctic-sea-route-first-ship-no-icebreaker-winter-icebergs-ice-shelf-teekay-russia-a8208596.html)

**Hurricanes, storms and winds**

* [Hurricane Leslie Injures 27 and Leaves 300,000 Without Power as It Slams Into Coast of Portugal](http://time.com/5424214/hurricane-leslie-portugal-coast/)

* [Typhoon Jebi: Japan hit by strongest storm of 25 years | World news](https://www.theguardian.com/world/2018/sep/04/typhoon-jebi-japan-hit-by-strongest-storm-for-25-years)

* [Climate change means Hurricane Florence will dump 50% more rain | World news](https://www.theguardian.com/world/2018/sep/13/climate-change-means-hurricane-florence-will-dump-50-more-rain)

**Heat waves, forest fires and tree loss**

* [Irish freshwater temperatures 'lethal' in 2018 - fisheries body](https://www.irishtimes.com/news/environment/irish-freshwater-temperatures-lethal-in-2018-fisheries-body-1.3744585)

* [91 dead, Paradise ‘pretty much destroyed’ as wildfire rages in Northern California](https://www.washingtonpost.com/weather/2018/11/09/town-called-paradise-pretty-much-destroyed-wildfire-rages-northern-california/?utm_term=.50c00f28761f)
 
* [Extreme heat wipes out almost one third of Australia's spectacled flying fox population](https://www.abc.net.au/news/2018-12-19/heat-wipes-out-one-third-of-flying-fox-species/10632940)

* [Australia heatwave to break Christmas weather records with temperatures up to 47C forecast | Australia news](https://www.theguardian.com/australia-news/2018/dec/24/christmas-day-heatwave-weather-records-temperatures-forecast-heat-wave-australia-sydney-melbourne-adelaide)

* [Southeast Asian forest loss greater than expected, with negative climate implications](https://www.eurekalert.org/pub_releases/2018-07/pues-saf070318.php)

* [The world is losing vital forests quicker than ever](https://www.dw.com/en/the-world-is-losing-vital-forests-quicker-than-ever/a-44404176)

* [Heat wave kills 33 in Canadian province](https://www.bbc.com/news/world-us-canada-44730887)

* [Ireland in state of ‘absolute drought’ as heatwave continues](https://www.irishtimes.com/news/environment/ireland-in-state-of-absolute-drought-as-heatwave-continues-1.3554298)

* [Three Hundred Foot Tall ‘Fire Tsunami’ Burns Through Colorado](https://robertscribbler.com/2018/07/06/three-hundred-foot-tall-fire-tsunami-burns-through-colorado/)

* [53 And Counting! Heat Wave Breaks Records In Iran, Across The Caucasus](https://www.rferl.org/a/heave-wave-breaks-records-iran-caucasus-georgia-azerbaijan-armenia-causing-power-shortages-/29346342.html)

* [Thousands of people without power in LA area amid heat wave](https://abc7.com/weather/thousands-of-people-without-power-in-la-area/3722644/)

* [Drought creates a perfect storm for wildfires in U.S. West](http://news.trust.org/item/20180713010042-i8r5f/)

* [Sweden is battling a historic wildfire outbreak. Here's what you need to know](https://www.thelocal.se/20180717/sweden-battles-most-serious-wildfire-situation-of-modern-times-heres-what-you-need-to-know)

* [Greeks urged to leave homes as wildfires near Athens rage out of control](https://amp.theguardian.com/world/2018/jul/23/greeks-urged-to-leave-homes-as-wildfires-spread-near-athens)
 
* [Japan declares heatwave a natural disaster](https://www.bbc.co.uk/news/world-asia-44935152)

* [Six of California's Most Destructive Wildfires Have Struck in the Past 10 Months](https://weather.com/news/news/2018-07-30-california-20-most-destructive-wildfires-carr-fire)

* [Record-breaking temperatures leave 29 dead in South Korean heatwave](https://edition.cnn.com/2018/08/02/asia/south-korea-heatwave-deaths-intl/index.html)

* [Firefighters battle to save communities from epic California fire](https://www.reuters.com/article/us-usa-wildfires/heat-winds-pose-enduring-menace-to-burning-northern-california-idUSKBN1KR0SA?)

* [Glacier National Park is on fire — and yes, warming is making things worse](https://grist.org/article/glacier-national-park-is-on-fire-and-yes-warming-is-making-things-worse/)

* [New South Wales issues the earliest declaration of a total fire ban in the regions in almost a decade amid out of control bush fires](https://www.smh.com.au/national/nsw/bushfire-threatens-homes-near-ulladulla-on-nsw-south-coast-20180815-p4zxk1.html)

* [B.C. declares state of emergency as hundreds of wildfires burn across province | CBC News](https://www.cbc.ca/news/canada/british-columbia/b-c-wildfires-2018-province-declares-state-of-emergency-1.4785983)

* [All the heat records broken this summer on one map](https://www.axios.com/heat-records-temperature-climate-change-map-f82a017b-4383-43d0-ae52-42517138b108.html)

* [August in Europe 'was the warmest on record'](http://www.euronews.com/2018/09/05/august-in-europe-was-the-warmest-on-record)

* [Dozens faint as Nawabshah sizzles at 50C, Larkana at 49C](https://www.dawn.com/news/1404959)

* [Peruvian Amazon Loses Over a Million Hectares: Official](https://www.telesurtv.net/english/news/Peruvian-Amazon-Loses-Over-a-Million-Hectares-Official-20180508-0027.html)

* [3 deaths, an economic boost and melting traffic lights from heat wave](https://mexiconewsdaily.com/news/in-coahuila-the-heat-is-melting-the-traffic-signals/)

* [48,000 homes across Victoria without power from heat](http://www.dailymail.co.uk/news/article-5321715/48-000-homes-Victoria-without-power-heat.html)

* [North Pole surges above freezing in the dead of winter, stunning scientists: It’s never been this extreme](https://www.washingtonpost.com/news/capital-weather-gang/wp/2018/02/26/north-pole-surges-above-freezing-in-the-dead-of-winter-stunning-scientists/?utm_term=.f81145f8c363)

* [Some of the World's Biggest Lakes Are Drying Up. Here's Why. - Warming climates, drought, and overuse are draining crucial water sources, threatening habitats and cultures.](https://www.nationalgeographic.com/magazine/2018/03/drying-lakes-climate-change-global-warming-drought/)

* [Two Instances of Once-In-A-Generation Floods Leave Many Questioning Region Preparedness](https://news.wgbh.org/2018/03/05/local-news/two-instances-once-generation-floods-leave-many-questioning-region)

* [Trees are dying at the fastest rate ever seen: In 2016, the world lost a New Zealand-sized amount of trees, the most in recorded history.](https://grist.org/article/the-last-ditch-effort-to-save-the-worlds-forests-from-climate-change/)

* [These ‘crazy, crazy’ Arctic winter stats are staggering scientists](http://www.scmp.com/news/world/article/2136086/crazy-crazy-arctic-winter-was-warmest-ever-recorded-stats-are-staggering)

**Pollution**

* [Scientists discover plastic in faeces of every person who took part in Europe-wide study](https://www.independent.co.uk/environment/plastic-microplastic-study-pollution-food-drink-water-poo-faeces-a8596836.html?)

* [Oxygen loss in the coastal Baltic Sea is 'unprecedentedly severe'](https://m.phys.org/news/2018-07-oxygen-loss-coastal-baltic-sea.html)

* [Asthma deaths rise 25% amid growing air pollution crisis | Environment](https://www.theguardian.com/environment/2018/jul/18/asthma-deaths-rise-25-amid-growing-air-pollution-crisis)

* [Millions in Indonesia are eating fibres from used DIAPERS: Plastics from nappies dumped in the River Brantas are being passed up the food chain from fish to humans, warn scientists](http://www.dailymail.co.uk/sciencetech/article-6018685/Fish-Indonesia-eating-plastic-fibres-used-DIAPERS.html)

* [Air pollution causes ‘huge’ reduction in intelligence, study reveals: Impact of high levels of toxic air ‘is equivalent to having lost a year of education’](https://www.theguardian.com/environment/2018/aug/27/air-pollution-causes-huge-reduction-in-intelligence-study-reveals)

* [93% of bottled water tested contained microplastics: Study | CBC News](http://www.cbc.ca/news/technology/bottled-water-microplastics-1.4575045)

* [More than 95% of world's population breathe dangerous air, major study finds | Environment](https://www.theguardian.com/environment/2018/apr/17/more-than-95-of-worlds-population-breathe-dangerous-air-major-study-finds)

* [Record levels of plastic discovered in Arctic sea ice](http://www.fasterthanexpected.com/2018/04/24/record-levels-of-plastic-discovered-in-arctic-sea-ice/)

* [One out of six deaths worldwide were pollution-related in 2015](https://www.pbs.org/newshour/health/one-out-of-six-deaths-worldwide-were-pollution-related-in-2015)",Signs of collapse 2018 Hi /r/Sustainability! I have been working on an ongoing project for 3 years now nick-named [“Signs of collapse”](h...
abid8d,2019-01-01,ZeroWaste,negative,-0.9999,negative,-0.4167040884494781,0.5831959115505219,"Signs of Collapse 2018 Hi /r/ZeroWaste! I have been working on an ongoing project for 3 years now nick-named [“[Signs of collapse]”](https://www.reddit.com/r/TZM/comments/5l3ik4/signs_of_collapse_summary_of_the_year_2016/). Even if we strive for and dream of a sustainable world with zero waste, a lot of things are becoming worse. And I think in order to reach a circular economy with zero waste, working in harmony with nature, it's imperative that we fully understand where we are now and which path we are on. To progress, we have to identify the problems and accept them for what they are if we wish to have any chance addressing them.

I try my best to not make this series into a rant about every little problem or mishap that’s going on. Even in a sustainable society accidents would happen and natural catastrophes would occur, seasons would vary in intensity from year to year and so on. So what I present here is my best attempt at distilling out anthropogenic anomalies.

I define a “sign of collapse” as a negative market externality that the current socioeconomic system for whatever reason hasn’t dealt with and is now ending up hurting people or the ecosystem. I try to pick studies and news that shows the occurring consequences of the current system’s failure to deal with externalities.

I’m also trying to make the argument, and feel free to disagree with me and have a discussion, that urgent action is needed now and there's close to no upper limit to how radically environmentalist one can reasonably become at the present time. If you want to do something, you better hurry before it’s too late.

Feel free to share any of the material or repost this on other suitable subreddits. If you would like to get involved in this project, don’t hesitate to chat me up.


**Previous posts:**

* [Signs of collapse 2018 Q3](https://reddit.com/r/sustainability/comments/9kgefn/signs_of_collapse_2018_q3/)

* [Signs of collapse 2018 Q2](https://www.reddit.com/r/sustainability/comments/8w4tvr/signs_of_collapse_2018_q2/)

* [Signs of collapse 2018 Q1](https://www.reddit.com/r/sustainability/comments/88s8mb/signs_of_collapse_q1_2018/)

* [Signs of collapse 2017](https://www.reddit.com/r/LateStageCapitalism/comments/7oqcc0/signs_of_collapse_2017/)

* [Signs of collapse 2016](https://www.reddit.com/r/TZM/comments/5l3ik4/signs_of_collapse_summary_of_the_year_2016/)

--------------------

# **Signs of Collapse 2018 Q4 and Summary**
 
**Human well-being & non-specific climate change**

* [Caravan Provides a Preview of Climate Migrations, Experts Say](https://www.scientificamerican.com/article/caravan-provides-a-preview-of-climate-migrations-experts-say/)

* [Climate change is exacerbating world conflicts, says Red Cross president | World news](https://www.theguardian.com/world/2018/oct/21/climate-change-is-exacerbating-world-conflicts-says-red-cross-president)

* [The number of undernourished people in the world is rising again](https://qz.com/1432095/world-hunger-rose-for-the-third-straight-year-thanks-to-climate-change)

* [A new publication in Nature demonstrates that the world’s oceans have warmed far more than we had thought. The last UN report that warned of a global climate catastrophe by 2040 was underestimating how much heat the Earth had gained.](https://www.nature.com/articles/s41586-018-0651-8)

* [The Seafloor Is Dissolving Because of Climate Change](https://motherboard.vice.com/en_us/article/d3qaek/the-seafloor-is-dissolving-because-climate-change)

* [Rotting hydrogen sulphide producing seaweed in the Caribbean kills marine life, disrupt turism, causes skin irritation and nausea, and corrodes metals, destroying TV:s and other electrical equipment. | Environment](https://www.theguardian.com/environment/2018/nov/16/caribbean-swamped-by-seaweed-that-smells-like-rotten-eggs)

* [New study has mapped 467 pathways by which human health, water, food, economy, infrastructure and security have been recently impacted by climate hazards amplified by climate change.](https://www.cbsnews.com/news/climate-change-multiple-disasters-at-once-study-warns/)

* [Global food system is broken, say world’s science academies | Environment](https://www.theguardian.com/environment/2018/nov/28/global-food-system-is-broken-say-worlds-science-academies)

* [CDC says life expectancy down as more Americans die younger due to suicide and drug overdose](https://www.cbsnews.com/news/cdc-us-life-expectancy-declining-due-largely-to-drug-overdose-and-suicides/)

* [Global warming today mirrors conditions leading to Earth’s largest extinction event, UW study says](https://www.seattletimes.com/seattle-news/environment/global-warming-today-mirrors-conditions-during-earths-largest-extinction-event-uw-study/)

* [California’s droughts limit hydropower production, forcing continued fossil fuel emissions](https://www.sfchronicle.com/science/article/California-s-droughts-hurt-fight-against-13496523.php)

* [Toxic algae a slimy mess for Florida's Lake Okeechobee](https://www.cbsnews.com/news/florida-lake-okeechobee-toxic-algae-problem-2018-07-06/)

* [Over 700 migrants make violent border crossing into Ceuta](https://elpais.com/elpais/2018/07/26/inenglish/1532599360_950584.html)

* [Japan flood toll nears 200 amid disease outbreak fears](http://www.france24.com/en/20180712-japan-flood-toll-disease-outbreak-fears-heat-water)

* [Heatwave made more than twice as likely by climate change, scientists find | Environment](https://www.theguardian.com/environment/2018/jul/27/heatwave-made-more-than-twice-as-likely-by-climate-change-scientists-find)

* [Humans have depleted the Earth's natural resources with five months still to go in 2018](https://qz.com/1345205/humans-have-depleted-the-earths-natural-resources-with-five-months-still-to-go-in-2018/)

* [As temperatures rise, Earth's soil is 'breathing' more heavily](https://www.eurekalert.org/pub_releases/2018-08/dnnl-atr072918.php)

* [Planet at Risk of Heading Towards Apocalyptic, Irreversible ‘Hothouse Earth’ State](https://motherboard.vice.com/en_us/article/8xbdnk/planet-at-risk-of-heading-towards-hothouse-earth?)

* [Scientists have begun researching whether the worst effects of climate change can no longer be avoided](https://www.straight.com/news/1113121/scientists-have-begun-researching-whether-worst-effects-climate-change-can-no-longer-be)

* [World sinks to 10-year happiness low](http://news.trust.org/item/20180912045953-zbeac/)

* [World 'nowhere near on track' to avoid warming beyond 1.5C target | Environment](https://www.theguardian.com/environment/2018/sep/26/global-warming-climate-change-targets-un-report)

* [CO2 is Regularly Exceeding 410 Parts Per Million for First Time in Human History](https://robertscribbler.com/2018/04/25/co2-is-regularly-exceeding-410-parts-per-million-for-first-time-in-human-history/)

* [Climate Change Costs a Lot More Than We Recognize](https://www.bloomberg.com/view/articles/2017-11-08/climate-change-costs-a-lot-more-than-we-recognize)

* [Global warming: April was 400th straight warmer-than-average month](https://www.usatoday.com/story/news/world/2018/05/17/global-warming-april-400th-consecutive-warm-month/618484002/?csp=chromepush)

* [Suicide Is Rising Among American Farmers As They Struggle To Keep Afloat : NPR](https://www.npr.org/2018/05/16/611727777/suicide-is-rising-among-american-farmers-as-they-struggle-to-keep-afloat)

* [India lightning strikes and winds kill 50 - Authorities shocked by the ferocity of the storms: ""It is one of the worst storms we've seen.""](http://www.bbc.com/news/world-asia-india-44298824)

* [Top Climate Scientist: Humans Will Go Extinct if We Don't Fix Climate Change by 2023](https://gritpost.com/humans-extinct-climate-change/)

* [Murders in Puerto Rico Surge as Hurricane Maria Recovery Continues](http://time.com/5099781/puerto-rico-murder-rate-hurricane-maria/)

* [India most vulnerable country to climate change - HSBC report](https://www.reuters.com/article/us-climatechange-hsbc/india-most-vulnerable-country-to-climate-change-hsbc-report-idUSKBN1GV20Z)
 
**Economy, Politics & Industry**

* [Doomsday clock ticks ½ min closer to midnight due to lack of action to counter nuclear war and climate change.](https://en.wikipedia.org/wiki/Doomsday_Clock)

* ['At home, we couldn't get by': more Venezuelans flee as crisis deepens | World news](https://www.theguardian.com/world/2017/jul/17/venezuela-migrants-americas-leaving-home)

* [Mad Max violence stalks Venezuela's lawless roads](https://www.reuters.com/article/us-venezuela-economy-trucks-widerimage/mad-max-violence-stalks-venezuelas-lawless-roads-idUSKBN1FT1G9)

* [Extreme cold results in severe agricultural damage across Europe, food prices rising](https://watchers.news/2018/03/05/extreme-cold-results-in-severe-agricultural-damage-across-europe-food-prices-rising/)

* [Hotter, Drier, Hungrier: How Global Warming Punishes the World’s Poorest](https://www.nytimes.com/2018/03/12/climate/kenya-drought.html)

* [Some millennials aren’t saving for retirement because they don’t think capitalism will exist by then](https://www.salon.com/2018/03/18/some-millennials-arent-saving-for-retirement-because-they-do-not-think-capitalism-will-exist-by-then/)

* [As The UN Warns Of Climate Catastrophe By 2030, The EU Is Pulling Back Climate Ambition](https://www.forbes.com/sites/davekeating/2018/10/08/as-the-un-warns-of-climate-catastrophe-by-2030-the-eu-is-pulling-back-climate-ambition/#292cc04e11ef)

* [The Australian government is still supporting coal, despite warnings of climate catastrophe](https://www.independent.co.uk/environment/australia-government-coal-ipcc-report-un-climate-change-global-warming-michael-mccormack-scott-a8575521.html)

* [UK growers warn of vegetable shortages as extreme weather halves crops](https://www.independent.co.uk/environment/vegetable-food-shortage-uk-crops-farming-extreme-weather-climate-change-a8578846.html)

* [Mother had 'no other choice' but to sell her 6-year-old daughter](https://edition.cnn.com/2018/11/22/asia/afghan-child-sales-intl/)

* [Black Friday climate report: Trump waves white flag and fails to protect American people](https://thehill.com/opinion/energy-environment/418104-black-friday-climate-report-trump-waves-white-flag-and-fails-to)

* [Melbourne's water supply at risk due to 'collapse' of forests caused by logging | Environment](https://www.theguardian.com/environment/2018/may/01/melbournes-water-supply-at-risk-due-to-collapse-of-forests-caused-by-logging)

* [Drought-induced slaughters begin: Norway currently lacks feed for around 12,000 cattle due to drought](http://www.newsinenglish.no/2018/07/12/drought-induced-slaughters-begin/)

* [Potatoes stop growing in parched earth of north County Dublin](https://www.irishtimes.com/news/environment/potatoes-stop-growing-in-parched-earth-of-north-county-dublin-1.3578483)

* [Trump administration lifts ban on pesticides linked to declining bee numbers](https://www.theguardian.com/environment/2018/aug/04/trump-administration-lifts-ban-on-pesticides-linked-to-declining-bee-numbers)

* [Australia Wilts From Climate Change. Why Can’t Its Politicians Act?](https://www.nytimes.com/2018/08/21/world/australia/australia-climate-change-malcolm-turnbull.html)

* [Swedish reindeer herders call for rescue package after drought](https://www.thelocal.se/20180816/swedish-reindeer-herders-call-for-urgent-rescue-package)

* [Scientists Warn the UN of Capitalism's Imminent Demise](https://motherboard.vice.com/en_us/article/43pek3/scientists-warn-the-un-of-capitalisms-imminent-demise)

* [Europe Wants to Devastate Forests to Double Its 'Renewable' Energy](https://motherboard.vice.com/en_us/article/gynp3m/europe-wants-to-devastate-forests-to-double-its-renewable-energy)

* [90 per cent of the world's fisheries have collapsed](http://www.abc.net.au/news/2018-09-30/china-super-trawlers-overfishing-world-oceans/10317394)

* [The 1% grabbed 82% of all wealth created in 2017](https://d1tn3vj7xz9fdh.cloudfront.net/s3fs-public/file_attachments/bp-reward-work-not-wealth-220118-en.pdf)

* [British farmers in turmoil as delayed spring plays havoc with growing season | Environment](https://www.theguardian.com/environment/2018/apr/14/farmers-crops-livestock-turmoil-beast-from-east-climate-change)

* ['Nothing More That Can Be Said,' Warns Famed Social Scientist, Humanity 'Doomed' by Capitalism and Fossil Fuels](https://www.commondreams.org/news/2018/04/26/nothing-more-can-be-said-warns-famed-social-scientist-humanity-doomed-capitalism-and)

* [Madagascar's vanilla wars: prized spice drives death and deforestation | Environment](https://www.theguardian.com/environment/2018/mar/31/madagascars-vanilla-wars-prized-spice-drives-death-and-deforestation)

* [Listless And Lonely In Puerto Rico, Some Older Storm Survivors Consider Suicide](https://www.npr.org/sections/health-shots/2018/05/07/607761240/listless-and-lonely-in-puerto-rico-some-older-storm-survivors-consider-suicide)

* [Trump administration cancels NASA plan to track greenhouse gases](http://www.thehindu.com/sci-tech/science/nasa-program-to-track-greenhouse-gas-is-canceled/article23848291.ece)

* [Trump administration refuses to consider that 97% of climate scientists could be right](https://www.theguardian.com/environment/climate-consensus-97-per-cent/2018/may/29/trump-administration-refuses-to-consider-that-97-of-climate-scientists-could-be-right)

**Biodiversity**

* [Mammals cannot evolve fast enough to escape current extinction crisis: Unless conservation efforts are improved, so many mammal species will die out during the next 50 years that nature will need 3-5 million years to recover](https://www.eurekalert.org/pub_releases/2018-10/au-mce101118.php)

* [Sea turtles, ""the canaries of the ocean"", face extinction; population of green sea turtles down 50-80% since 1900](https://www.nytimes.com/2018/10/15/science/sea-turtles-endangered-fishing.html)

* [Humanity has wiped out 60% of animals since 1970, major report finds | Environment](https://www.theguardian.com/environment/2018/oct/30/humanity-wiped-out-animals-since-1970-major-report-finds)

* [Just 23 percent of the world’s landmass can now be considered wilderness, with the rest – excluding Antarctica – lost to the direct effects of human activities.](https://newsroom.wcs.org/News-Releases/articleType/ArticleView/articleId/11672/A-WILDERNESS-HORROR-STORY.aspx)

* ['Fish are vanishing' - Senegal's devastated coastline](https://www.bbc.com/news/world-africa-46017359)

* [Shark numbers crashed by 92% over past half century, report finds](https://www.independent.co.uk/environment/sharks-decline-great-white-hammerhead-endangered-australia-a8681696.html)

* [One million South African bees 'poisoned'](https://www.bbc.com/news/world-africa-46345127)

* [Building blocks of ocean food web in rapid decline as plankton productivity plunges | CBC News](https://www.cbc.ca/news/canada/newfoundland-labrador/ocean-phytoplankton-zooplankton-food-web-1.4927884)

* [Acidic oceans cause fish to lose their sense of smell](https://www.exeter.ac.uk/news/featurednews/title_672112_en.html)

* [Enormous penguin population crashes by almost 90%](https://www.nature.com/articles/d41586-018-05850-2)

* [Trump’s New Climate Plan Will Kill People, According to the Trump Administration](https://www.nytimes.com/2018/08/21/climate/epa-coal-pollution-deaths.html)

* [Dolphins forced to break into nets to find food by overfishing in the Mediterranean, report says](https://www.independent.co.uk/environment/dolphins-forced-break-nets-find-food-overfishing-mediterranean-cyprus-a8281481.html)

* [‘Dead zone’ larger than Scotland found by underwater robots in Arabian sea](https://www.independent.co.uk/environment/dead-zone-arabian-sea-gulf-oman-underwater-robots-ocean-pollution-discovery-a8325676.html)

* [Amazon river dolphins in steep decline: study](https://www.afp.com/en/news/23/amazon-river-dolphins-steep-decline-study-doc-14h9ni1)

* [Acres of shellfish dead in north Auckland estuary](http://www.newshub.co.nz/home/new-zealand/2018/05/acres-of-shellfish-dead-in-north-auckland-estuary.html)

* ['Shocking': Fish stocks in Australian waters drop a third in a decade](https://www.smh.com.au/environment/conservation/shocking-fish-stocks-in-australian-waters-drop-a-third-in-a-decade-20180605-p4zjip.html)

* [Top UN panel paints bleak picture of world’s ecosystems](https://www.nature.com/articles/d41586-018-03891-1)

* [Some of Africa's oldest and biggest baobab trees have abruptly died in the past decade. The trees, aged between 1,100 and 2,500 years may have fallen victim to climate change](http://www.france24.com/en/20180611-shocking-die-off-africas-oldest-baobabs-study)

* [UK's favourite wildlife species at risk of extinction 'without revolution in disastrous modern food farming' - Skylarks, nightingales and birds of prey all at risk, but officials ‘blame climate change instead of tackling vested interests destroying nature’](http://www.independent.co.uk/news/uk/home-news/wildlife-extinct-revolutionise-food-farming-species-declines-wiped-out-a8233511.html)

* [Mass die-off of sea creatures follows freezing UK weather | Environment](https://www.theguardian.com/environment/2018/mar/05/mass-die-off-of-sea-creatures-follows-freezing-uk-weather)
 
**Pests, viruses and bacterial infections**

* [As Venezuela’s health system collapses, disease spreads beyond its borders](https://www.washingtonpost.com/news/world/wp/2018/10/31/feature/as-venezuelas-health-system-collapses-disease-spreads-beyond-its-borders)

* [Los Angeles Hit With Flea-Borne Typhus Outbreak, Some Parts At Epidemic Levels](https://www.techtimes.com/articles/234935/20181007/los-angeles-hit-with-flea-borne-typhus-outbreak-some-parts-at-epidemic-levels.htm)

* [New tick species capable of transmitting deadly disease is spreading in the U.S.](https://www.washingtonpost.com/health/2018/11/29/new-tick-species-capable-transmitting-deadly-disease-is-spreading-us/)

* [‘We’re Out of Options’: Doctors Battle Drug-Resistant Typhoid Outbreak](https://www.nytimes.com/2018/04/13/health/drug-resistant-typhoid-epidemic.html)

* [Africa struggles for weapons against armyworm curse](https://au.news.yahoo.com/africa-struggles-weapons-against-armyworm-curse-061455048--spt.html?guccounter=1)

* [Deadly superbug just got scarier - It can mysteriously thwart last-resort drug](https://arstechnica.com/science/2018/03/scary-superbug-can-sneakily-dodge-last-resort-drug-and-we-dont-know-how/)

**Coral reefs**

* ['Warning Bells Going Off' as NOAA Forecasts Entire Great Barrier Reef at Risk of Coral Bleaching and Death](https://www.commondreams.org/news/2018/10/26/warning-bells-going-noaa-forecasts-entire-great-barrier-reef-risk-coral-bleaching)

* [Half of the Great Barrier Reef Is Dead](https://www.nationalgeographic.com/magazine/2018/08/explore-atlas-great-barrier-reef-coral-bleaching-map-climate-change/)

* [Fish populations in Great Barrier Reef collapse after devastating coral bleaching events](https://www.independent.co.uk/environment/fish-populations-collapse-great-barrier-reef-coral-bleaching-australia-a8294751.html)

* [Only 1% of Japan’s Largest Reef Still Healthy After Historic Bleaching Catastrophe](https://www.ecowatch.com/japan-coral-reef-bleaching-2570800547.html)

**Ice and water**

* [Flash floods in southern France kill at least 12 people: Up to seven months’ rain fell in just a few hours overnight. The worst flash flood in a century turned rivers into raging torrents that engulfed homes and swept away cars.](https://www.reuters.com/article/us-france-flood/flash-floods-in-southern-france-kill-at-least-12-people-idUSKCN1MP0IV)

* ['We've never seen this': massive Canadian glaciers shrinking rapidly | World news](https://www.theguardian.com/world/2018/oct/30/canada-glaciers-yukon-shrinking)

* [Cry me a river: Low water levels causing chaos in Germany](https://phys.org/news/2018-10-river-chaos-germany.html)

* [Drought 'displacing more Afghans than war'](https://www.bbc.com/news/world-asia-45872897)

* [Greenland is losing ice at fastest rate in at least 350 years](https://www.nature.com/articles/d41586-018-07617-1)

* [Japan Reels From Heavy Rains; Dozens Killed and Millions Urged to Evacuate](https://www.nytimes.com/2018/07/07/world/asia/japan-rain-landslides.html)

* [India's water crisis: West Bengal on the brink of becoming a parched state in absence of preservation measures](https://www.firstpost.com/india/indias-water-crisis-west-bengal-on-the-brink-of-becoming-a-parched-state-in-absence-of-preservation-measures-4814351.html)

* [More than 350 people have died in the southern Indian state of Kerala in the worst flooding in nearly a century](https://www.theguardian.com/world/2018/aug/18/kerala-floods-many-thousands-await-rescue-as-downpour-continues)

* [Exclusive: Some Arctic Ground No Longer Freezing - Even in Winter](https://www.nationalgeographic.com/environment/2018/08/news-arctic-permafrost-may-thaw-faster-than-expected/)

* [Arctic’s strongest sea ice breaks up for first time on record](https://www.theguardian.com/world/2018/aug/21/arctics-strongest-sea-ice-breaks-up-for-first-time-on-record)

* [Gulf Stream current at its weakest in 1,600 years, studies show | Environment](https://www.theguardian.com/environment/2018/apr/11/critical-gulf-stream-current-weakest-for-1600-years-research-finds?CMP=share_btn_tw)

* [Extreme rain causes increase in sink holes and rockslides in Rome](https://www.theguardian.com/commentisfree/2018/apr/14/rome-extreme-weather-events-italy)

* [Taps run dry in Ivory Coast city](https://www.straitstimes.com/world/africa/taps-run-dry-in-ivory-coast-city)

* [“When it rains, my heart sinks”: Climate change takes a toll in Uganda](https://www.unenvironment.org/news-and-stories/story/when-it-rains-my-heart-sinks-climate-change-takes-toll-uganda)

* [Popular SE Iceland glacial lagoon a ticking time bomb: Catastrophic mountain collapse looms](http://icelandmag.is/article/popular-se-iceland-glacial-lagoon-a-ticking-time-bomb-catastrophic-mountain-collapse-looms)

* [In the Arctic, the Old Ice Is Disappearing](https://www.nytimes.com/interactive/2018/05/14/climate/arctic-sea-ice.html)

* [IRSA issues warning of looming water crisis in Pakistan](https://www.pakistantoday.com.pk/2018/05/27/irsa-issues-warning-of-looming-water-crisis-in-pakistan/)

* [Deadly Tropical Cyclone Mekunu brings up to 8 years worth of rainfall to parts of Oman](https://www.accuweather.com/en/weather-blogs/international/deadly-tropical-cyclone-mekunu-brings-up-to-eight-years-worth-of-rainfall-to-parts-of-oman/70005057)

* [The Global Water Crisis: Why Are India’s Taps Running Dry?](http://time.com/5302661/water-crisis-drinking-india-drought-dry)

* [Invading seawater jeopardizes South Florida’s delicate drinking water source, but we can lessen the threat](https://www.miamiherald.com/opinion/editorials/article212844644.html)

* [Antarctic ice melting faster than ever, studies show | Environment](https://www.theguardian.com/environment/2018/jun/13/antarctic-ice-melting-faster-than-ever-studies-show)

* [In recent years, the rising bedrock at Antarctica has led researchers to underestimate the rate of vanishing ice by as much as 10 percent](https://www.space.com/40977-earth-rising-under-antarctica.html)

* [Meet America's new climate normal: towns that flood when it isn't raining | Environment](https://www.theguardian.com/environment/2018/jun/28/rising-elizabeth-rush-extract-towns-flooding)

* [Pakistan water crisis: Rawal Lake dries up](https://gulfnews.com/news/asia/pakistan/pakistan-water-crisis-rawal-lake-dries-up-1.2244108)

* [In 2017, the oceans were by far the hottest ever recorded | John Abraham | Environment](https://www.theguardian.com/environment/climate-consensus-97-per-cent/2018/jan/26/in-2017-the-oceans-were-by-far-the-hottest-ever-recorded)

* [Oxygen Levels in Oceans Are Dropping Dangerously](https://www.usnews.com/news/at-the-edge/articles/2018-01-26/oxygen-levels-in-oceans-are-dropping-dangerously)
 
* [Cape Town faces Day Zero, with officials predicting water will run out in April](http://www.abc.net.au/news/2018-01-28/day-zero-looms-for-cape-town/9368540http://www.abc.net.au/news/2018-01-28/day-zero-looms-for-cape-town/9368540)

* [First ship crosses Arctic in winter without an icebreaker as global warming causes ice sheets to melt. ""Crossing of polar region is becoming easier due to warming global temperatures and thinning sea ice.""](http://www.independent.co.uk/environment/arctic-sea-route-first-ship-no-icebreaker-winter-icebergs-ice-shelf-teekay-russia-a8208596.html)

**Hurricanes, storms and winds**

* [Hurricane Leslie Injures 27 and Leaves 300,000 Without Power as It Slams Into Coast of Portugal](http://time.com/5424214/hurricane-leslie-portugal-coast/)

* [Typhoon Jebi: Japan hit by strongest storm of 25 years | World news](https://www.theguardian.com/world/2018/sep/04/typhoon-jebi-japan-hit-by-strongest-storm-for-25-years)

* [Climate change means Hurricane Florence will dump 50% more rain | World news](https://www.theguardian.com/world/2018/sep/13/climate-change-means-hurricane-florence-will-dump-50-more-rain)

**Heat waves, forest fires and tree loss**

* [Irish freshwater temperatures 'lethal' in 2018 - fisheries body](https://www.irishtimes.com/news/environment/irish-freshwater-temperatures-lethal-in-2018-fisheries-body-1.3744585)

* [91 dead, Paradise ‘pretty much destroyed’ as wildfire rages in Northern California](https://www.washingtonpost.com/weather/2018/11/09/town-called-paradise-pretty-much-destroyed-wildfire-rages-northern-california/?utm_term=.50c00f28761f)
 
* [Extreme heat wipes out almost one third of Australia's spectacled flying fox population](https://www.abc.net.au/news/2018-12-19/heat-wipes-out-one-third-of-flying-fox-species/10632940)

* [Australia heatwave to break Christmas weather records with temperatures up to 47C forecast | Australia news](https://www.theguardian.com/australia-news/2018/dec/24/christmas-day-heatwave-weather-records-temperatures-forecast-heat-wave-australia-sydney-melbourne-adelaide)

* [Southeast Asian forest loss greater than expected, with negative climate implications](https://www.eurekalert.org/pub_releases/2018-07/pues-saf070318.php)

* [The world is losing vital forests quicker than ever](https://www.dw.com/en/the-world-is-losing-vital-forests-quicker-than-ever/a-44404176)

* [Heat wave kills 33 in Canadian province](https://www.bbc.com/news/world-us-canada-44730887)

* [Ireland in state of ‘absolute drought’ as heatwave continues](https://www.irishtimes.com/news/environment/ireland-in-state-of-absolute-drought-as-heatwave-continues-1.3554298)

* [Three Hundred Foot Tall ‘Fire Tsunami’ Burns Through Colorado](https://robertscribbler.com/2018/07/06/three-hundred-foot-tall-fire-tsunami-burns-through-colorado/)

* [53 And Counting! Heat Wave Breaks Records In Iran, Across The Caucasus](https://www.rferl.org/a/heave-wave-breaks-records-iran-caucasus-georgia-azerbaijan-armenia-causing-power-shortages-/29346342.html)

* [Thousands of people without power in LA area amid heat wave](https://abc7.com/weather/thousands-of-people-without-power-in-la-area/3722644/)

* [Drought creates a perfect storm for wildfires in U.S. West](http://news.trust.org/item/20180713010042-i8r5f/)

* [Sweden is battling a historic wildfire outbreak. Here's what you need to know](https://www.thelocal.se/20180717/sweden-battles-most-serious-wildfire-situation-of-modern-times-heres-what-you-need-to-know)

* [Greeks urged to leave homes as wildfires near Athens rage out of control](https://amp.theguardian.com/world/2018/jul/23/greeks-urged-to-leave-homes-as-wildfires-spread-near-athens)
 
* [Japan declares heatwave a natural disaster](https://www.bbc.co.uk/news/world-asia-44935152)

* [Six of California's Most Destructive Wildfires Have Struck in the Past 10 Months](https://weather.com/news/news/2018-07-30-california-20-most-destructive-wildfires-carr-fire)

* [Record-breaking temperatures leave 29 dead in South Korean heatwave](https://edition.cnn.com/2018/08/02/asia/south-korea-heatwave-deaths-intl/index.html)

* [Firefighters battle to save communities from epic California fire](https://www.reuters.com/article/us-usa-wildfires/heat-winds-pose-enduring-menace-to-burning-northern-california-idUSKBN1KR0SA?)

* [Glacier National Park is on fire — and yes, warming is making things worse](https://grist.org/article/glacier-national-park-is-on-fire-and-yes-warming-is-making-things-worse/)

* [New South Wales issues the earliest declaration of a total fire ban in the regions in almost a decade amid out of control bush fires](https://www.smh.com.au/national/nsw/bushfire-threatens-homes-near-ulladulla-on-nsw-south-coast-20180815-p4zxk1.html)

* [B.C. declares state of emergency as hundreds of wildfires burn across province | CBC News](https://www.cbc.ca/news/canada/british-columbia/b-c-wildfires-2018-province-declares-state-of-emergency-1.4785983)

* [All the heat records broken this summer on one map](https://www.axios.com/heat-records-temperature-climate-change-map-f82a017b-4383-43d0-ae52-42517138b108.html)

* [August in Europe 'was the warmest on record'](http://www.euronews.com/2018/09/05/august-in-europe-was-the-warmest-on-record)

* [Dozens faint as Nawabshah sizzles at 50C, Larkana at 49C](https://www.dawn.com/news/1404959)

* [Peruvian Amazon Loses Over a Million Hectares: Official](https://www.telesurtv.net/english/news/Peruvian-Amazon-Loses-Over-a-Million-Hectares-Official-20180508-0027.html)

* [3 deaths, an economic boost and melting traffic lights from heat wave](https://mexiconewsdaily.com/news/in-coahuila-the-heat-is-melting-the-traffic-signals/)

* [48,000 homes across Victoria without power from heat](http://www.dailymail.co.uk/news/article-5321715/48-000-homes-Victoria-without-power-heat.html)

* [North Pole surges above freezing in the dead of winter, stunning scientists: It’s never been this extreme](https://www.washingtonpost.com/news/capital-weather-gang/wp/2018/02/26/north-pole-surges-above-freezing-in-the-dead-of-winter-stunning-scientists/?utm_term=.f81145f8c363)

* [Some of the World's Biggest Lakes Are Drying Up. Here's Why. - Warming climates, drought, and overuse are draining crucial water sources, threatening habitats and cultures.](https://www.nationalgeographic.com/magazine/2018/03/drying-lakes-climate-change-global-warming-drought/)

* [Two Instances of Once-In-A-Generation Floods Leave Many Questioning Region Preparedness](https://news.wgbh.org/2018/03/05/local-news/two-instances-once-generation-floods-leave-many-questioning-region)

* [Trees are dying at the fastest rate ever seen: In 2016, the world lost a New Zealand-sized amount of trees, the most in recorded history.](https://grist.org/article/the-last-ditch-effort-to-save-the-worlds-forests-from-climate-change/)

* [These ‘crazy, crazy’ Arctic winter stats are staggering scientists](http://www.scmp.com/news/world/article/2136086/crazy-crazy-arctic-winter-was-warmest-ever-recorded-stats-are-staggering)

**Pollution**

* [Scientists discover plastic in faeces of every person who took part in Europe-wide study](https://www.independent.co.uk/environment/plastic-microplastic-study-pollution-food-drink-water-poo-faeces-a8596836.html?)

* [Oxygen loss in the coastal Baltic Sea is 'unprecedentedly severe'](https://m.phys.org/news/2018-07-oxygen-loss-coastal-baltic-sea.html)

* [Asthma deaths rise 25% amid growing air pollution crisis | Environment](https://www.theguardian.com/environment/2018/jul/18/asthma-deaths-rise-25-amid-growing-air-pollution-crisis)

* [Millions in Indonesia are eating fibres from used DIAPERS: Plastics from nappies dumped in the River Brantas are being passed up the food chain from fish to humans, warn scientists](http://www.dailymail.co.uk/sciencetech/article-6018685/Fish-Indonesia-eating-plastic-fibres-used-DIAPERS.html)

* [Air pollution causes ‘huge’ reduction in intelligence, study reveals: Impact of high levels of toxic air ‘is equivalent to having lost a year of education’](https://www.theguardian.com/environment/2018/aug/27/air-pollution-causes-huge-reduction-in-intelligence-study-reveals)

* [93% of bottled water tested contained microplastics: Study | CBC News](http://www.cbc.ca/news/technology/bottled-water-microplastics-1.4575045)

* [More than 95% of world's population breathe dangerous air, major study finds | Environment](https://www.theguardian.com/environment/2018/apr/17/more-than-95-of-worlds-population-breathe-dangerous-air-major-study-finds)

* [Record levels of plastic discovered in Arctic sea ice](http://www.fasterthanexpected.com/2018/04/24/record-levels-of-plastic-discovered-in-arctic-sea-ice/)

* [One out of six deaths worldwide were pollution-related in 2015](https://www.pbs.org/newshour/health/one-out-of-six-deaths-worldwide-were-pollution-related-in-2015)",Signs of Collapse 2018 Hi /r/ZeroWaste! I have been working on an ongoing project for 3 years now nick-named [“[Signs of collapse]”](http...
1lgfyku,2025-06-20,environmental_science,negative,-0.9999,neutral,0.0718108564615249,1.071710856461525,"Climate Convergence: A Complete Guide to What's Coming and How to Prepare # Climate Convergence: A Complete Guide to What's Coming and How to Prepare

## **What is Climate Convergence?**

Climate convergence is when multiple climate systems reach tipping points simultaneously, creating a cascade of interconnected collapses that transform civilization within years rather than decades. Unlike gradual climate change, convergence happens rapidly once triggered—similar to how a forest fire can smolder for days then explode across thousands of acres in hours.

**Bottom Line:** We're not facing slow, manageable climate change. We're facing rapid, simultaneous collapse of multiple climate systems that will reshape how 8 billion people live within the next 5 years.

---

## **The Major Climate Convergence Triggers**

## **1. Atlantic Ocean Current Collapse (AMOC)**

### **What It Is:**
The Atlantic Meridional Overturning Circulation (AMOC) is like a massive conveyor belt that carries warm water north and cold water south, keeping Europe warm and global weather patterns stable. Think of it as the engine that drives much of Earth's weather.

### **Current Status:**
- **Scientists' prediction:** Collapse likely between 2025-2095, with highest probability in the 2040s-2060s
- **Early warning signs:** Already showing physics-based indicators it's heading toward collapse
- **Trigger point:** Greenland ice melt is adding too much fresh water, disrupting the salt balance that drives the current

### **What Happens When It Collapses:**

#### **Immediate Effects (Within 1-3 Years):**
- **Europe freezes:** London winter temperatures drop to -2°F, Oslo to -55°F
- **European agriculture collapses:** UK loses 75% of farmable land (from 32% to 7%)
- **Extreme weather globally:** Arctic sea ice extends to 50°N (roughly to the UK), while Antarctica loses ice faster

#### **Cascade Effects (3-10 Years):**
- **50-100 million European climate refugees** seeking warmer regions
- **European governments collapse** - impossible to heat buildings or grow food
- **NATO dissolves** - European military capacity eliminated by energy crisis
- **Global food crisis** - Europe can no longer import food, disrupting global markets
- **Mass starvation events** in regions dependent on European agricultural imports

### **What Can Be Done:**

#### **Prevention (Probably Too Late):**
- **Massive reduction in Greenland ice melt:** Would require immediate 50%+ global emissions cuts
- **Ocean engineering:** Theoretical but untested large-scale interventions

#### **Preparation (What's Actually Possible):**
- **Food security:** Stockpile 6-12 months of non-perishable food
- **Energy independence:** Solar panels, battery storage, wood/biomass heating
- **Water security:** Wells, rainwater collection, purification systems
- **Community resilience:** Local food production, mutual aid networks
- **Migration planning:** Identify warmer regions, establish connections outside Europe

#### **Regional Strategies:**
- **Northern Europe:** Plan evacuation routes to Southern Europe/Africa
- **Southern Europe:** Prepare for massive refugee influxes
- **North America:** Prepare for European climate refugees and economic disruption
- **Global South:** Prepare for European competition for resources

---

## **2. Global Supply Chain Climate Collapse**

### **What It Is:**
Modern civilization depends on incredibly complex global networks to produce and move everything from food to medicines to electronics. Climate change is breaking these networks faster than they can adapt.

### **Current Status:**
- **2024 climate losses:** $320 billion globally (85% increase from 2023)
- **Supply chain disruptions:** 44% increase in climate-related alerts from 2021-2023
- **Critical vulnerability:** Just-in-time manufacturing eliminates backup systems

### **What Happens When It Collapses:**

#### **Manufacturing Breakdown:**
- **Semiconductor crisis:** Water-intensive chip production halted by droughts
- **Pharmaceutical shortages:** Medicine production disrupted by extreme weather
- **Food processing collapse:** Processing plants shut down by floods, heat, power outages
- **Transportation failure:** Ports flooded, railways buckled by heat, airports closed by storms

#### **Economic Cascade:**
- **Projected losses:** $3.75-24.7 trillion by 2060 from supply chain disruption alone
- **Price explosions:** 200-400% increases in basic necessities
- **Currency collapse:** Climate-vulnerable countries' money becomes worthless
- **Banking crisis:** Loan defaults trigger financial system collapse

#### **Social Breakdown:**
- **Medicine shortages:** Diabetics can't get insulin, heart patients can't get medications
- **Food rationing:** Grocery stores empty, government distribution systems overwhelmed
- **Essential services failure:** Hospitals, schools, utilities can't get needed supplies

### **What Can Be Done:**

#### **Prevention (Requires Global Coordination):**
- **Supply chain diversification:** Move away from single-source dependencies
- **Climate-hardened infrastructure:** Build flood-proof, heat-resistant facilities
- **Strategic reserves:** Government stockpiles of critical materials

#### **Personal Preparation:**
- **Medical stockpiles:** 3-6 month supply of essential medications
- **Food independence:** Home gardens, preserved foods, local suppliers
- **Essential goods:** Tools, batteries, first aid supplies, water purification
- **Local networks:** Identify nearby production and repair capabilities
- **Financial preparation:** Physical assets, local currency, barter systems

#### **Community Solutions:**
- **Local manufacturing:** 3D printing, repair workshops, community gardens
- **Skill sharing:** Teaching essential skills like food preservation, basic repair
- **Resource pooling:** Community tool libraries, bulk purchasing, shared storage

---

## **3. Global Food System Collapse**

### **What It Is:**
Climate change is simultaneously hitting all the world's major food-producing regions, while global population reaches its peak. We're facing the first true global food crisis in human history.

### **Current Status:**
- **Food insecurity:** 345 million people in acute food crisis (up from 135 million in 2019)
- **Crop failures accelerating:** Cocoa prices doubled in 2023, India banned rice exports
- **Extreme weather:** Droughts, floods, and heat waves hitting breadbasket regions simultaneously

### **What Happens When It Collapses:**

#### **Agricultural Breakdown:**
- **Multiple breadbasket failures:** US Midwest, Ukraine, Australia, India hit simultaneously
- **Crop yield collapse:** 40-60% reduction in major grain production
- **Livestock die-offs:** Heat stress and feed shortages kill millions of animals
- **Ocean acidification:** Fish populations crash as marine ecosystems collapse

#### **Immediate Human Impact:**
- **Mass starvation:** 500 million-1 billion people face severe malnutrition
- **Food riots:** Cities worldwide experience violent unrest over food access
- **Government rationing:** Military control of food distribution
- **Price hyperinflation:** Basic foods cost 10-50x current prices

#### **Social Cascade:**
- **43 million additional people below poverty line** by 2030 (Africa alone)
- **Mass migration:** 100-500 million people flee regions with no food security
- **Child malnutrition crisis:** Entire generation affected by early malnutrition
- **Social fabric collapse:** Traditional communities destroyed by hunger and displacement

### **What Can Be Done:**

#### **Prevention (Requires Immediate Action):**
- **Climate-adapted agriculture:** Drought-resistant crops, greenhouse farming, vertical farms
- **Soil restoration:** Regenerative farming, carbon sequestration in soil
- **Water conservation:** Drip irrigation, desalination, water recycling

#### **Personal Food Security:**
- **Food stockpiles:** 6-12 months of calorie-dense, preserved foods
- **Home production:** Vegetable gardens, fruit trees, small livestock (chickens, rabbits)
- **Food preservation skills:** Canning, dehydrating, fermentation, root cellars
- **Foraging knowledge:** Identifying edible wild plants, mushrooms, fishing/hunting
- **Seed saving:** Heirloom varieties adapted to local conditions

#### **Community Food Resilience:**
- **Community gardens:** Shared growing spaces, tool libraries, knowledge sharing
- **Local food systems:** Farmers markets, community-supported agriculture
- **Food cooperatives:** Bulk purchasing, food distribution networks
- **Preservation groups:** Community canning, shared storage facilities

---

## **4. Extreme Weather Acceleration**

### **What It Is:**
Climate change isn't just making weather more extreme—it's creating entirely new categories of weather that our infrastructure and systems can't handle.

### **Current Status:**
- **Heat records:** 2024 has 99% chance of being in top 5 warmest years ever
- **New weather categories:** Scientists discussing ""Category 6"" hurricanes
- **Infrastructure failure:** Texas winter storm caused $200+ billion in damages from single weather event

### **What Happens as It Accelerates:**

#### **Infrastructure Collapse:**
- **Power grid failure:** Heat buckles power lines, cold snaps overwhelm demand
- **Transportation breakdown:** Airports close, railways warp, roads crack and flood
- **Building failure:** Structures not designed for new temperature/wind/water extremes
- **Communication disruption:** Cell towers and internet infrastructure fail

#### **Public Health Crisis:**
- **Heat deaths:** 590,000-1.12 million additional annual deaths from extreme heat
- **Cold exposure:** AMOC collapse creates unprecedented cold snaps
- **Air quality:** Wildfires and dust storms make air unbreathable
- **Disease outbreaks:** Extreme weather spreads waterborne and vector-borne diseases

#### **Economic Disruption:**
- **Insurance industry collapse:** Claims exceed all industry resources
- **Property values crash:** Homes in vulnerable areas become worthless
- **Business interruption:** Companies can't operate during extreme weather events
- **Tourism destruction:** Traditional vacation destinations become uninhabitable

### **What Can Be Done:**

#### **Infrastructure Hardening:**
- **Building upgrades:** Better insulation, storm shutters, backup power systems
- **Water management:** Rain gardens, flood barriers, drainage improvements
- **Energy systems:** Microgrids, battery storage, renewable energy independence
- **Transportation:** Electric vehicles, alternative routes, emergency supplies

#### **Personal Resilience:**
- **Emergency preparedness:** 72-hour kits extended to 2-4 weeks
- **Climate-controlled spaces:** Safe rooms for extreme heat/cold
- **Health protection:** Air purifiers, hydration systems, first aid training
- **Communication backup:** Ham radio, satellite phones, community networks

#### **Community Adaptation:**
- **Cooling centers:** Community spaces with backup power and climate control
- **Emergency response:** Neighborhood teams, shared resources, evacuation plans
- **Early warning systems:** Weather monitoring, community alert networks
- **Mutual aid:** Checking on vulnerable neighbors, shared resources during emergencies

---

## **5. Ocean System Collapse**

### **What It Is:**
The oceans regulate Earth's climate, produce oxygen, and feed billions of people. Multiple ocean systems are approaching collapse simultaneously.

### **Current Status:**
- **Ocean temperature:** Warmest on record, affecting marine ecosystems globally
- **Acidification:** Oceans 30% more acidic than pre-industrial levels
- **Current disruption:** Multiple ocean currents showing signs of instability

### **What Happens When Ocean Systems Collapse:**

#### **Marine Ecosystem Breakdown:**
- **Fish population crash:** Major commercial fisheries collapse within 5-10 years
- **Coral reef death:** 90%+ of coral reefs bleached and dead
- **Oxygen depletion:** Ocean dead zones expand, marine life suffocates
- **Food web collapse:** Bottom-up ecosystem failure affecting all marine life

#### **Climate Acceleration:**
- **Heat absorption failure:** Oceans can't regulate global temperature
- **Weather pattern chaos:** Ocean currents drive global weather systems
- **Sea level acceleration:** Thermal expansion and ice melt accelerate
- **Storm intensification:** Warmer oceans fuel more powerful hurricanes/typhoons

#### **Human Impact:**
- **3 billion people** depend on fish as primary protein source
- **Coastal flooding:** Sea level rise accelerates, storm surge increases
- **Economic collapse:** $2.5 trillion annual ocean economy destroyed
- **Refugee crisis:** Small island nations and coastal cities abandoned

### **What Can Be Done:**

#### **Prevention (Global Effort Required):**
- **Marine protected areas:** 30% of oceans protected from fishing/development
- **Pollution reduction:** Eliminate plastic waste, agricultural runoff
- **Carbon sequestration:** Ocean-based carbon capture and storage

#### **Adaptation Strategies:**
- **Protein alternatives:** Land-based protein sources, insects, lab-grown meat
- **Coastal protection:** Sea walls, living shorelines, managed retreat
- **Water security:** Desalination, rainwater harvesting, water recycling
- **Economic diversification:** Move away from ocean-dependent industries

#### **Personal Preparation:**
- **Dietary shifts:** Reduce seafood dependence, increase plant proteins
- **Coastal planning:** Avoid buying property in flood-prone areas
- **Water storage:** Independent water sources and purification
- **Alternative transportation:** Reduce dependence on ocean shipping

---

## **6. Ice Sheet Acceleration**

### **What It Is:**
The massive ice sheets of Greenland and Antarctica are melting much faster than predicted, with potential for rapid, irreversible collapse.

### **Current Status:**
- **Greenland ice loss:** 280 billion tons per year and accelerating
- **Antarctic instability:** West Antarctic ice sheet showing signs of irreversible collapse
- **Feedback loops:** Dark water absorbs more heat, accelerating further melting

### **What Happens During Ice Sheet Collapse:**

#### **Sea Level Rise Acceleration:**
- **Greenland complete melt:** 24 feet of global sea level rise
- **West Antarctic collapse:** Additional 12 feet of sea level rise
- **Timeline:** Potentially 3-10 feet of rise by 2100 (vs. previous predictions of 1-3 feet)

#### **Global Impact:**
- **1 billion people displaced** from coastal areas
- **Major cities flooded:** New York, London, Shanghai, Miami become uninhabitable
- **Agricultural land loss:** Delta regions (Nile, Mekong, Mississippi) flooded
- **Infrastructure destruction:** Ports, airports, power plants submerged

#### **Economic Collapse:**
- **$14.2 trillion in coastal assets** at risk by 2100
- **Insurance industry bankruptcy:** Flood claims exceed all industry resources
- **Mass internal migration:** Coastal populations forced inland
- **International conflicts:** Competition for remaining habitable land

### **What Can Be Done:**

#### **Prevention (Extremely Difficult):**
- **Rapid decarbonization:** 50%+ emissions cuts within 10 years
- **Ice sheet engineering:** Theoretical interventions to slow melting
- **Solar radiation management:** Controversial geoengineering to cool planet

#### **Adaptation Planning:**
- **Managed retreat:** Planned relocation of coastal communities
- **Floating cities:** Ocean-based living platforms
- **Inland development:** Infrastructure development away from coasts
- **Agricultural transition:** Moving food production to higher elevations

#### **Personal Strategies:**
- **Location planning:** Avoid coastal and low-elevation areas
- **Property decisions:** Invest in higher-elevation, inland areas
- **Skill development:** Learn skills valuable in relocated communities
- **Network building:** Connections in climate-safe regions

---

## **Combined Climate Convergence Timeline**

### **2025-2026: Initial Trigger Phase**
- **Early AMOC effects:** European cooling begins, weather patterns destabilize
- **Supply chain disruption:** Manufacturing delays, price increases accelerate
- **Extreme weather acceleration:** Record-breaking events overwhelm response systems
- **Food system stress:** Multiple crop failures, prices start rising rapidly

### **2027-2028: Cascade Acceleration Phase**
- **AMOC collapse effects:** European agriculture fails, mass migration begins
- **Supply chain breakdown:** Global shortages of medicines, electronics, food
- **Food crisis:** Multiple breadbasket regions fail simultaneously
- **Economic collapse:** Financial systems fail under climate losses
- **Social unrest:** Food riots, government instability, refugee conflicts

### **2028-2030: System Transformation Phase**
- **Civilization reorganization:** New social structures emerge around climate reality
- **Population displacement:** 40-60% of global population relocates
- **Economic contraction:** 50-70% reduction in global economic activity
- **Technology adaptation:** Focus shifts to survival and climate resilience
- **Political transformation:** Climate-adapted governance structures emerge

---

## **Regional Survival Strategies**

### **High-Resilience Regions (Prepare for Influx):**
- **Southern Hemisphere mid-latitudes:** Argentina, Chile, Southern Australia, New Zealand
- **Continental interiors with water:** Central Canada, Northern US, Central Asia with irrigation
- **High-elevation areas:** Appalachians, Rockies, Andes (above future sea level)

**Preparation:** Strengthen local systems, prepare for population influx, develop resource management

### **Transition Zones (Adapt or Relocate):**
- **Eastern North America:** Severe disruption but adaptation possible with preparation
- **Eastern Asia:** Manufacturing collapse but food production possible inland
- **Northern Europe:** Possible adaptation with massive infrastructure changes

**Preparation:** Develop dual strategies - local resilience AND relocation options

### **Collapse Zones (Plan Evacuation):**
- **Western Europe after AMOC:** Uninhabitable without massive energy imports
- **Sahel Africa:** Complete desertification makes agriculture impossible
- **Southeast Asia:** Sea level rise and super-typhoons force abandonment
- **Small island states:** Physical disappearance under rising seas

**Preparation:** Evacuation planning, skill development, establishing connections in safe regions

---

## **Essential Preparation Steps**

### **Immediate (Next 12 Months):**
1. **Food security:** Build 6-month emergency food supply
2. **Water independence:** Install well, rainwater collection, purification
3. **Energy backup:** Solar panels, batteries, alternative heating
4. **Essential supplies:** Medicines, tools, first aid, communication devices
5. **Skills development:** Food preservation, basic repair, first aid, gardening

### **Short-term (1-3 Years):**
1. **Location assessment:** Evaluate current location's climate vulnerability
2. **Community building:** Develop local networks and mutual aid
3. **Economic preparation:** Reduce debt, increase physical assets
4. **Health optimization:** Get in best possible physical shape
5. **Education:** Learn climate-resilient skills and knowledge

### **Medium-term (3-5 Years):**
1. **Relocation planning:** Move to climate-resilient regions if necessary
2. **Food independence:** Develop sustainable local food production
3. **Economic transition:** Shift to climate-resilient livelihood
4. **Community resilience:** Build local systems that can function independently
5. **Knowledge preservation:** Maintain critical skills and information

---

## **The Bottom Line**

Climate convergence isn't a distant threat—it's beginning now and will reshape civilization within this decade. The key is understanding that this isn't gradual change you can slowly adapt to, but rapid system collapse requiring immediate preparation.

**Most Important Recognition:** Traditional approaches (government aid, insurance, economic recovery) won't work because the systems providing these solutions will also collapse. Self-reliance, community resilience, and early preparation are essential for survival.

**Window for Preparation:** We have perhaps 2-3 years before the cascade effects become overwhelming. Use this time wisely.

**Focus on Basics:** Food, water, shelter, energy, community, and skills. These fundamentals will matter more than money, credentials, or technology when systems collapse.

The climate convergence is no longer preventable—but survival and successful adaptation remain possible for those who prepare thoughtfully and act quickly.",Climate Convergence: A Complete Guide to What's Coming and How to Prepare # Climate Convergence: A Complete Guide to What's Coming and Ho...
10jz2g3,2023-01-24,vegan,negative,-0.9991,negative,-0.8719711303710938,0.12712886962890624,"Facebook post I made about animal consumption I'm sure I'll be unfriended. Here it is:

Humans commit a Holocaust of land animals (solely for consumption) every 1.2 hours.

If you include fish, that number goes to every 2.8 minutes. We commit 189,000 Holocausts every year.

And before you get mad about the comparison, just remember that we rape (both sexes), mutilate, kidnap, commit infanticide on, abuse, torture, enslave, and finally brutally murder 80 billion land animals and 2 trillion fish every year.

Despite being able to get every single nutrient you need from plants. Despite there existing foods that look, taste, smell, and cook identical to meat. Despite livestock committing just as much to emissions as cars, trucks, boats, and planes combined (but lawmakers only focus on the cars).

Rape: Males are jacked off and their semen sucked out to be forcefully shoved into the vaginas of females.

Mutilation: Chickens are debeaked, pigs have their ears and tails chopped off, and cows are branded, always fully conscious and not under anesthesia.

Kidnapping: The babies of dairy cows are taken from their mothers within hours of birth. The mother is left distressed and calling out for her baby for up to a week.

Infanticide: Male chicks are sent straight into an industrial blender, alive (and conscious). In smaller farms they're gassed, suffocated in trash bags, or dumped into dumpsters.
Male cows in the dairy industry are kept isolated in the dark and starved for weeks before being murdered for veal.

Abuse: Animals are manhandled and beaten on a regular basis so they do what the farmers want. This includes being beaten in order to move them along inside slaughterhouses.

Torture: Egg chickens are intentionally starved for up to two weeks to increase egg production. Animals are bred to be unnaturally fat and produce unnatural amounts of milk and eggs. Pigs are left to lay in filth in tiny enclosures.
Most leather cows are forced on a horrible trek across India (where most leather comes from) and have chile pepper rubbed into their eyes and ropes in their nose to keep them moving. Note that this process also involves child labor, and the hide is doused in chemicals that are extremely toxic to the workers.

Slavery: Cows are repeatedly impregnated and are hooked up to industrial machines to extract milk. They frequently get sores and blisters and eventually collapse (and are then dragged out and butchered).
Also their pus gets into the milk. Yummy.

Murder: Not only is it murder by definition to take a life that wants to live; but it is not at all humane. The process is simply as efficient as possible, and livestock are not protected by animal cruelty laws.
Chickens are electrocuted and then boiled. Many chickens miss the electrocution and are boiled fully conscious.
Many other animals are bled out fully conscious as well due to an imperfect stunning process. Not to mention that, leading up to the slaughter, they can smell all of their kinds' blood and death.
4/5ths of all caught fish are thrown out because they're not the kind needed, and over fishing is destroying the marine habitat. Not to mention these fish gasp for air and life as they die. And yeah, fish feel pain and are sentient.

These lives, they feel love, they feel pain, they grieve, they can problem solve, and they want to live.

Enjoy your fucking double McHeartDisease with corpse patty, your extra sugar vanilla diabetes venti latte supreme with raped animal fluids, and your omelette produced on the backs of shredded live babies.

Eat up, America.",Facebook post I made about animal consumption I'm sure I'll be unfriended. Here it is: Humans commit a Holocaust of land animals (solely ...
